timestamp	cpu_pct	latency_ms	label	cpu_pct_diff1	latency_ms_diff1	anomaly_score	pred	y_true
2026-01-01 00:00:00	71.1584604975703	48.192196080585965	1	0.0	0.0	0.46152867378657925	0	1
2026-01-01 00:01:00	26.923680774125977	47.35830570194199	0	-44.234779723444326	-0.8338903786439786	0.5458617600496546	0	0
2026-01-01 00:02:00	32.33861894240311	51.7796719712923	0	5.414938168277132	4.421366269350315	0.3478844526904397	0	0
2026-01-01 00:03:00	32.952590104887086	51.07286563903674	0	0.6139711624839777	-0.7068063322555602	0.3371198030424731	0	0
2026-01-01 00:04:00	24.32141849841133	44.468095841745104	0	-8.631171606475757	-6.604769797291638	0.3985184759666581	0	0
2026-01-01 00:05:00	26.311610329758658	54.59978744342776	0	1.9901918313473281	10.131691601682654	0.3706952498593356	0	0
2026-01-01 00:06:00	30.645290692580588	49.754106440136034	0	4.33368036282193	-4.845681003291723	0.3503779302061175	0	0
2026-01-01 00:07:00	29.35665735506748	45.70896818518623	0	-1.288633337513108	-4.045138254949805	0.3537315810821478	0	0
2026-01-01 00:08:00	30.298591494512145	54.929633940928	0	0.9419341394446654	9.22066575574177	0.35905929281689536	0	0
2026-01-01 00:09:00	27.833466374869943	52.69900136517996	0	-2.4651251196422024	-2.2306325757480394	0.34802218497831444	0	0
2026-01-01 00:10:00	33.074387798241844	45.15992896903503	0	5.240921423371901	-7.539072396144931	0.3663607121895064	0	0
2026-01-01 00:11:00	32.81315709150028	57.348622003637615	0	-0.26123070674156423	12.188693034602586	0.3742583575293094	0	0
2026-01-01 00:12:00	30.72145165511309	52.89686925467949	0	-2.0917054363871905	-4.451752748958128	0.34476112357316757	0	0
2026-01-01 00:13:00	33.94865149653788	50.242679475316706	0	3.227199841424788	-2.654189779362781	0.34230099786101154	0	0
2026-01-01 00:14:00	32.013013422104706	56.666117920161405	0	-1.9356380744331716	6.423438444844699	0.3510622893694966	0	0
2026-01-01 00:15:00	28.076153903651715	50.96420678146927	0	-3.936859518452991	-5.701911138692132	0.35033250279442496	0	0
2026-01-01 00:16:00	31.80381708968875	50.2364500683045	0	3.7276631860370344	-0.7277567131647729	0.3428710451507541	0	0
2026-01-01 00:17:00	27.864437099466997	47.72934198688904	0	-3.9393799902217523	-2.50710808141546	0.35330711712692203	0	0
2026-01-01 00:18:00	33.419941861200265	52.71969723586754	0	5.555504761733268	4.990355248978503	0.34862034780638346	0	0
2026-01-01 00:19:00	30.678304342163287	52.32045290685694	0	-2.7416375190369777	-0.3992443290105996	0.3416309067555244	0	0
2026-01-01 00:20:00	30.3169703368408	50.49449927329714	0	-0.3613340053224867	-1.8259536335598057	0.34019813696850015	0	0
2026-01-01 00:21:00	28.8722275534222	47.2975626778466	0	-1.4447427834186009	-3.1969365954505378	0.34727938069296177	0	0
2026-01-01 00:22:00	34.62608154122433	50.99894817926541	0	5.753853987802131	3.7013855014188124	0.3499923402037872	0	0
2026-01-01 00:23:00	30.538292169914357	50.221745165011825	0	-4.087789371309974	-0.7772030142535868	0.34488451508524237	0	0
2026-01-01 00:24:00	29.76030116618721	45.18874504140147	0	-0.7779910037271449	-5.033000123610357	0.3531351235511315	0	0
2026-01-01 00:25:00	30.032268097054956	44.65708496896308	0	0.2719669308677446	-0.5316600724383846	0.3570408511735415	0	0
2026-01-01 00:26:00	32.72895969433912	52.82662958407861	0	2.696691597284161	8.169544615115527	0.3518658927691137	0	0
2026-01-01 00:27:00	32.271706167670615	40.180133727082435	0	-0.4572535266685023	-12.646495856996175	0.4122825078306336	0	0
2026-01-01 00:28:00	32.45689126883944	51.430988824870774	0	0.1851851011688268	11.250855097788339	0.35687381674011204	0	0
2026-01-01 00:29:00	32.554452700381944	48.71866261466385	0	0.09756143154250196	-2.7123262102069248	0.3399537524584381	0	0
2026-01-01 00:30:00	37.7302047248119	55.8856173886199	0	5.175752024429954	7.16695477395605	0.3566740188761935	0	0
2026-01-01 00:31:00	30.129264253583383	48.70038181475311	0	-7.600940471228515	-7.185235573866791	0.3745074301668176	0	0
2026-01-01 00:32:00	29.85500282238604	53.333802361807905	0	-0.2742614311973419	4.633420547054797	0.3464839812535937	0	0
2026-01-01 00:33:00	28.99360803516816	49.129807745004726	0	-0.8613947872178791	-4.203994616803179	0.3433696970278601	0	0
2026-01-01 00:34:00	33.32603237902259	51.19403966959263	0	4.332424343854431	2.064231924587901	0.34418400090855855	0	0
2026-01-01 00:35:00	34.90815074006184	53.707963054629786	0	1.5821183610392495	2.5139233850371596	0.3386298685505576	0	0
2026-01-01 00:36:00	31.222502277437684	48.93194945990283	0	-3.685648462624158	-4.776013594726955	0.34628863563934703	0	0
2026-01-01 00:37:00	29.086956225150676	54.78993236601275	0	-2.1355460522870082	5.857982906109918	0.35073875213741484	0	0
2026-01-01 00:38:00	29.17703241153306	46.850446520877455	0	0.09007618638238313	-7.9394858451352945	0.3525441236025334	0	0
2026-01-01 00:39:00	33.64527340196435	52.025118889478634	0	4.468240990431294	5.174672368601179	0.34683904506077445	0	0
2026-01-01 00:40:00	33.96624429027963	351.3872671885118	1	0.32097088831528	299.3621482990332	0.7257565399893068	1	1
2026-01-01 00:41:00	33.408898259654	53.52986769453055	0	-0.5573460306256308	-297.8573994939813	0.5930309007828715	0	0
2026-01-01 00:42:00	29.825826133055394	58.57695713440238	0	-3.5830721265986085	5.047089439871826	0.36930031242901395	0	0
2026-01-01 00:43:00	32.56172432928751	47.878862910801026	0	2.735898196232114	-10.698094223601352	0.3617247627957994	0	0
2026-01-01 00:44:00	32.258147381187634	45.437447971488375	0	-0.3035769480998738	-2.4414149393126507	0.3503397771796145	0	0
2026-01-01 00:45:00	32.60696901034832	46.99811117610016	0	0.34882162916068893	1.5606632046117852	0.3445725188745605	0	0
2026-01-01 00:46:00	34.60796567801654	53.63860993827973	0	2.0009966676682183	6.640498762179568	0.34349041433203464	0	0
2026-01-01 00:47:00	32.70720415772582	53.00990049277841	0	-1.9007615202907218	-0.6287094455013218	0.3407346753229729	0	0
2026-01-01 00:48:00	34.11585759739328	51.448585092678464	0	1.4086534396674608	-1.561315400099943	0.33963713961782493	0	0
2026-01-01 00:49:00	32.32451393003114	46.56906016435371	0	-1.791343667362142	-4.879524928324756	0.34702654036895403	0	0
2026-01-01 00:50:00	33.03175433545098	54.14966724300675	0	0.7072404054198387	7.5806070786530455	0.34643353304592756	0	0
2026-01-01 00:51:00	34.100839027730636	46.20466806450534	0	1.0690846922796595	-7.944999178501412	0.35723365353187614	0	0
2026-01-01 00:52:00	27.878043083871653	55.76055360122693	0	-6.2227959438589835	9.55588553672159	0.38430635701024596	0	0
2026-01-01 00:53:00	31.33299026015224	62.575755647171526	0	3.4549471762805872	6.815202045944595	0.40500088878802976	0	0
2026-01-01 00:54:00	30.92333567568067	52.63303140556573	0	-0.4096545844715713	-9.942724241605795	0.3550578419711943	0	0
2026-01-01 00:55:00	30.460225378531703	53.52086200426184	0	-0.46311029714896534	0.8878305986961124	0.34259548547792135	0	0
2026-01-01 00:56:00	31.593792202316624	49.2381704024161	0	1.1335668237849212	-4.282691601845741	0.3407698657484671	0	0
2026-01-01 00:57:00	36.94635686399312	43.9899131807977	0	5.352564661676492	-5.2482572216184025	0.3736450491343952	0	0
2026-01-01 00:58:00	29.90630669346468	48.84102256815132	0	-7.040050170528438	4.851109387353617	0.37142312841569286	0	0
2026-01-01 00:59:00	35.45085454582972	46.90142877663264	0	5.544547852365042	-1.939593791518675	0.35555483356574513	0	0
2026-01-01 01:00:00	27.53958113617779	45.506076919852546	0	-7.91127340965193	-1.3953518567800955	0.38357728439828787	0	0
2026-01-01 01:01:00	31.625657054622422	58.20459584027247	0	4.086075918444632	12.698518920419922	0.3890636973654464	0	0
2026-01-01 01:02:00	33.16064295609758	52.427641952494376	0	1.5349859014751601	-5.776953887778092	0.3406773044522119	0	0
2026-01-01 01:03:00	34.47307149272858	52.875952571781305	0	1.3124285366309962	0.4483106192869286	0.3373986220693625	0	0
2026-01-01 01:04:00	58.16622329434175	50.1420973183	0	23.69315180161317	-2.733855253481302	0.4920673377072838	0	0
2026-01-01 01:05:00	58.45450184270288	50.707660740381215	0	0.2882785483611343	0.5655634220812118	0.4046238679081944	0	0
2026-01-01 01:06:00	55.0701482270871	55.278279452476944	1	-3.3843536156157796	4.57061871209573	0.4163418285149251	0	1
2026-01-01 01:07:00	54.771077300140384	51.311632865889585	0	-0.2990709269467189	-3.966646586587359	0.4015583823595496	0	0
2026-01-01 01:08:00	58.773814687792026	53.58463427571262	0	4.002737387651642	2.2730014098230313	0.41086070774135003	0	0
2026-01-01 01:09:00	32.391502775110865	50.69869068349779	0	-26.38231191268116	-2.8859435922148293	0.4680997232526242	0	0
2026-01-01 01:10:00	29.17999902502896	50.13491743459318	0	-3.2115037500819064	-0.5637732489046101	0.342456833715577	0	0
2026-01-01 01:11:00	29.648781348269665	45.89666483273261	0	0.46878232324070623	-4.238252601860566	0.34996655489537315	0	0
2026-01-01 01:12:00	30.33181308574464	43.634088722406226	0	0.6830317374749733	-2.2625761103263855	0.36407506454085564	0	0
2026-01-01 01:13:00	34.623120296998785	50.519571428153135	0	4.291307211254146	6.8854827057469095	0.35429682846895366	0	0
2026-01-01 01:14:00	33.60032377226262	51.812510049998394	0	-1.0227965247361652	1.2929386218452592	0.33617997171434205	0	0
2026-01-01 01:15:00	35.28585071523492	46.46267717968065	0	1.6855269429723023	-5.349832870317748	0.35120009031153704	0	0
2026-01-01 01:16:00	31.973923605561964	51.48994131214725	0	-3.3119271096729577	5.027264132466605	0.3427278888562272	0	0
2026-01-01 01:17:00	33.772525525858015	51.86346347827594	0	1.7986019202960506	0.37352216612868716	0.33548595351877264	0	0
2026-01-01 01:18:00	35.214839774239714	43.04500227193134	0	1.4423142483816989	-8.818461206344601	0.376341758787848	0	0
2026-01-01 01:19:00	32.45112756087256	48.02908495209863	0	-2.763712213367157	4.98408268016729	0.34718680888075	0	0
2026-01-01 01:20:00	76.14292729851482	53.33915629157022	1	43.69179973764226	5.310071339471591	0.6096705231417557	0	1
2026-01-01 01:21:00	31.47539274757498	53.27882020297044	0	-44.66753455093984	-0.06033608859978301	0.5392132695559263	0	0
2026-01-01 01:22:00	32.41291227289946	47.136337240698296	0	0.9375195253244826	-6.14248296227214	0.34710465400952584	0	0
2026-01-01 01:23:00	32.39769669798217	52.405247391987515	0	-0.015215574917291974	5.268910151289219	0.3408162937318065	0	0
2026-01-01 01:24:00	29.996160558685887	55.88146864916839	0	-2.401536139296283	3.4762212571808746	0.3519339946100224	0	0
2026-01-01 01:25:00	35.08529782519376	54.9204820273821	0	5.089137266507876	-0.9609866217862901	0.3489755875838968	0	0
2026-01-01 01:26:00	32.2568052466348	51.451362985565744	0	-2.828492578558965	-3.4691190418163558	0.3402685275412199	0	0
2026-01-01 01:27:00	33.74305673128143	49.98088193425201	0	1.4862514846466297	-1.4704810513137332	0.3368713744838683	0	0
2026-01-01 01:28:00	35.18830591087685	49.35565502974154	0	1.4452491795954217	-0.6252269045104697	0.33974956953411767	0	0
2026-01-01 01:29:00	35.12607970161416	53.76452221840079	0	-0.062226209262689736	4.408867188659251	0.3398779651341471	0	0
2026-01-01 01:30:00	35.822989650569255	52.69383305439701	0	0.6969099489550956	-1.070689164003781	0.33622936293795286	0	0
2026-01-01 01:31:00	33.57165316283993	54.45117083259291	0	-2.2513364877293256	1.7573377781958968	0.3388578793169593	0	0
2026-01-01 01:32:00	32.637416348760276	52.48115089493098	0	-0.9342368140796538	-1.970019937661931	0.33861510637043934	0	0
2026-01-01 01:33:00	33.708283931123475	55.2487750833111	0	1.0708675823631992	2.7676241883801254	0.3403064832735433	0	0
2026-01-01 01:34:00	28.92548738737837	52.37211547645703	0	-4.782796543745103	-2.8766596068540693	0.3499876088087255	0	0
2026-01-01 01:35:00	29.68612948131811	55.152488313820434	0	0.7606420939397367	2.7803728373634016	0.3478276677092901	0	0
2026-01-01 01:36:00	77.78540077577395	55.516974296845554	1	48.099271294455846	0.36448598302511925	0.621325986605701	1	1
2026-01-01 01:37:00	31.115448043330325	48.835487742168134	0	-46.669952732443626	-6.68148655467742	0.550793955965349	0	0
2026-01-01 01:38:00	79.39596201162362	44.84089002579821	1	48.2805139682933	-3.994597716369924	0.6375159403961316	1	1
2026-01-01 01:39:00	31.4701602092941	58.267270111745354	0	-47.925801802329524	13.426380085947144	0.5826009630803523	0	0
2026-01-01 01:40:00	33.09169495528882	53.139726231552544	0	1.6215347459947225	-5.12754388019281	0.34260721369041	0	0
2026-01-01 01:41:00	38.16337229237278	45.274900117522805	0	5.071677337083955	-7.864826114029739	0.37218303924727547	0	0
2026-01-01 01:42:00	33.23631905489867	49.29727749516663	0	-4.927053237474105	4.022377377643828	0.35037074438220034	0	0
2026-01-01 01:43:00	36.55699927944543	55.2597234565014	0	3.3206802245467557	5.962445961334765	0.34488715954614696	0	0
2026-01-01 01:44:00	31.582858427861147	51.07314840941382	0	-4.974140851584281	-4.1865750470875795	0.3485128399598755	0	0
2026-01-01 01:45:00	33.806574228587124	230.56265281044148	1	2.2237158007259765	179.48950440102766	0.647861129534314	1	1
2026-01-01 01:46:00	31.611911966366343	57.83451650680091	0	-2.194662262220781	-172.72813630364055	0.5402219861044255	0	0
2026-01-01 01:47:00	33.483885182672665	48.06134361965193	0	1.8719732163063227	-9.77317288714898	0.3548910925743605	0	0
2026-01-01 01:48:00	37.060829409767656	49.077339067678395	0	3.576944227094991	1.015995448026466	0.34536930431494894	0	0
2026-01-01 01:49:00	29.39677788159252	53.13491547577786	0	-7.664051528175136	4.0575764080994645	0.37339898860024595	0	0
2026-01-01 01:50:00	35.92075706298791	53.8705627943907	0	6.52397918139539	0.7356473186128412	0.3507270918926946	0	0
2026-01-01 01:51:00	35.36935201024795	54.31344473898848	0	-0.551405052739959	0.4428819445977794	0.33813888258494557	0	0
2026-01-01 01:52:00	32.91226576076853	55.99230999220524	0	-2.457086249479424	1.6788652532167632	0.34305540648953803	0	0
2026-01-01 01:53:00	30.39502310868307	53.16091281865028	0	-2.517242652085457	-2.8313971735549615	0.34635641827656966	0	0
2026-01-01 01:54:00	34.987976125737696	54.34332955705168	0	4.592953017054626	1.1824167384014004	0.34535718212487276	0	0
2026-01-01 01:55:00	33.22140956200247	51.3681068073366	0	-1.7665665637352248	-2.97522274971508	0.33772701380246867	0	0
2026-01-01 01:56:00	35.546124836527476	52.67484131417854	0	2.324715274525005	1.3067345068419414	0.33571804653660964	0	0
2026-01-01 01:57:00	34.951768851539875	52.87324292769931	0	-0.594355984987601	0.19840161352076535	0.3373796812675124	0	0
2026-01-01 01:58:00	39.729572274997416	53.322510343793475	0	4.7778034234575415	0.4492674160941661	0.3464403243004509	0	0
2026-01-01 01:59:00	34.24409815433301	55.57124174870708	0	-5.485474120664406	2.248731404913606	0.3520395401498794	0	0
2026-01-01 02:00:00	31.929507522134404	54.72058272777932	0	-2.3145906321986054	-0.8506590209277576	0.34376490956370437	0	0
2026-01-01 02:01:00	35.57556667532421	52.69573789682836	0	3.646059153189807	-2.0248448309509612	0.3416901640513342	0	0
2026-01-01 02:02:00	35.73537368152233	49.30118787503936	0	0.15980700619812183	-3.3945500217890014	0.33926607163303785	0	0
2026-01-01 02:03:00	39.190493586491826	52.8271504626361	0	3.455119904969493	3.5259625875967373	0.3411091266670986	0	0
2026-01-01 02:04:00	37.655714486844275	52.4631192349673	0	-1.534779099647551	-0.3640312276687965	0.3358216149556608	0	0
2026-01-01 02:05:00	36.25834575905374	53.3665926100554	0	-1.3973687277905356	0.9034733750880974	0.33714594872686005	0	0
2026-01-01 02:06:00	39.61489432081817	61.438594052141354	0	3.356548561764434	8.072001442085956	0.39005748210778063	0	0
2026-01-01 02:07:00	31.69585007355014	50.5359785040944	0	-7.919044247268033	-10.902615548046953	0.38348662177618204	0	0
2026-01-01 02:08:00	33.3799380440828	54.33875239766746	0	1.6840879705326586	3.802773893573061	0.33839282510168006	0	0
2026-01-01 02:09:00	32.556417334939546	56.94192084855525	0	-0.8235207091432528	2.603168450887786	0.34857145964747765	0	0
2026-01-01 02:10:00	34.20356667400093	53.07850569813165	0	1.6471493390613858	-3.8634151504235987	0.34038118353692376	0	0
2026-01-01 02:11:00	31.279686271011016	62.05625283352863	0	-2.9238804029899157	8.977747135396982	0.40338090852159114	0	0
2026-01-01 02:12:00	37.35184319059348	51.211038008149224	0	6.072156919582461	-10.845214825379408	0.36654182100399885	0	0
2026-01-01 02:13:00	34.81626420390281	54.03782303687976	0	-2.535578986690666	2.8267850287305336	0.33938609030687183	0	0
2026-01-01 02:14:00	31.106950969612605	49.56446194698836	0	-3.7093132342902067	-4.473361089891398	0.34516752099655884	0	0
2026-01-01 02:15:00	32.5089650865734	51.37175222452484	0	1.4020141169607925	1.807290277536481	0.336611217281243	0	0
2026-01-01 02:16:00	36.53247057705806	53.79170015894037	0	4.023505490484659	2.419947934415532	0.3445850611247623	0	0
2026-01-01 02:17:00	38.142428980633824	56.19924088770627	0	1.6099584035757672	2.4075407287658948	0.3415231128385298	0	0
2026-01-01 02:18:00	41.65425504432369	54.10841052071846	0	3.511826063689867	-2.0908303669878094	0.3507501922834457	0	0
2026-01-01 02:19:00	44.44155502398502	57.88644321032046	0	2.787299979661327	3.778032689602	0.3703132916364466	0	0
2026-01-01 02:20:00	36.97899266333845	52.48802093938454	0	-7.462562360646565	-5.398422270935917	0.36658836760050295	0	0
2026-01-01 02:21:00	32.80283754027674	51.55705183083015	0	-4.1761551230617115	-0.9309691085543932	0.3414700632601022	0	0
2026-01-01 02:22:00	29.410890714915467	63.71945520767225	0	-3.3919468253612735	12.1624033768421	0.4329490079652711	0	0
2026-01-01 02:23:00	36.64563104340585	54.4981989259553	0	7.234740328490382	-9.221256281716947	0.37831498143087644	0	0
2026-01-01 02:24:00	33.439029236993754	50.06100007754817	0	-3.2066018064120954	-4.437198848407128	0.3403572344532919	0	0
2026-01-01 02:25:00	34.66702470309677	50.17949319282564	0	1.2279954661030175	0.11849311527746664	0.3384306713738657	0	0
2026-01-01 02:26:00	34.111937470333984	49.20339427563134	0	-0.5550872327627872	-0.9760989171942995	0.3386697336702506	0	0
2026-01-01 02:27:00	35.560873346457434	56.73790042628045	0	1.4489358761234499	7.534506150649108	0.35020687510682913	0	0
2026-01-01 02:28:00	39.216090923883414	51.551565944187274	0	3.6552175774259794	-5.186334482093173	0.34639266610096997	0	0
2026-01-01 02:29:00	36.524085582764975	53.535919842840414	0	-2.6920053411184384	1.98435389865314	0.338283330120586	0	0
2026-01-01 02:30:00	35.61170977897114	52.78977244729053	0	-0.9123758037938359	-0.7461473955498832	0.3371544418507418	0	0
2026-01-01 02:31:00	33.01521154186706	55.98705603193598	0	-2.596498237104079	3.1972835846454473	0.34444065577613114	0	0
2026-01-01 02:32:00	31.132565919143513	49.69133100509221	0	-1.8826456227235475	-6.295725026843769	0.3423897702109099	0	0
2026-01-01 02:33:00	34.73201576587835	48.793180601977106	0	3.5994498467348386	-0.8981504031151033	0.3461055731791607	0	0
2026-01-01 02:34:00	36.06379871392123	54.00976241191447	0	1.3317829480428784	5.216581809937367	0.34199827733505017	0	0
2026-01-01 02:35:00	41.563024462580245	55.53345449971988	0	5.499225748659015	1.5236920878054079	0.35595887018841127	0	0
2026-01-01 02:36:00	36.68402747491704	310.19288310271054	1	-4.878996987663207	254.65942860299066	0.6988630612696062	1	1
2026-01-01 02:37:00	39.275271818694335	49.925711726423266	0	2.591244343777298	-260.26717137628725	0.5829940536714374	0	0
2026-01-01 02:38:00	34.86289540716019	55.8903304697544	0	-4.412376411534147	5.964618743331137	0.34902716013424767	0	0
2026-01-01 02:39:00	32.83955872055478	50.22175130152039	0	-2.023336686605411	-5.668579168234011	0.3399339409261286	0	0
2026-01-01 02:40:00	33.53252581016827	51.12778346928716	0	0.6929670896134965	0.9060321677667673	0.33599943419619127	0	0
2026-01-01 02:41:00	34.285561602822376	49.45480579932681	0	0.7530357926541029	-1.6729776699603462	0.3383349689901342	0	0
2026-01-01 02:42:00	42.87988968060733	58.451873636259045	0	8.594328077784951	8.997067836932231	0.40678504153945527	0	0
2026-01-01 02:43:00	34.063437486954065	55.79748492642301	0	-8.816452193653262	-2.6543887098360344	0.3787086365058408	0	0
2026-01-01 02:44:00	39.076057901114105	55.700268647668025	0	5.01262041416004	-0.09721627875498484	0.3498046543953377	0	0
2026-01-01 02:45:00	33.88467661673961	58.28557476007015	0	-5.1913812843744935	2.5853061124021224	0.36694280375869237	0	0
2026-01-01 02:46:00	39.4209195207801	64.56369723403358	0	5.536242904040492	6.278122473963435	0.42305899802027314	0	0
2026-01-01 02:47:00	37.813669558325934	46.492503914363546	0	-1.6072499624541692	-18.071193319670037	0.386882937278789	0	0
2026-01-01 02:48:00	36.22139237061431	50.39214670828586	0	-1.5922771877116233	3.899642793922311	0.3399476317124188	0	0
2026-01-01 02:49:00	36.601380495940376	50.89713370047525	0	0.3799881253260651	0.5049869921893944	0.3357414691423993	0	0
2026-01-01 02:50:00	34.79153898986843	49.97467254854753	0	-1.8098415060719475	-0.9224611519277204	0.3384851779889319	0	0
2026-01-01 02:51:00	38.126224059775666	49.08367073724986	0	3.3346850699072377	-0.8910018112976701	0.34409968904024524	0	0
2026-01-01 02:52:00	35.45503315960265	52.21137954409103	0	-2.6711909001730163	3.12770880684117	0.33912622373909873	0	0
2026-01-01 02:53:00	33.17501261196185	48.559500090474174	0	-2.2800205476408024	-3.651879453616857	0.3398519787239635	0	0
2026-01-01 02:54:00	33.049733033978676	54.78194234861842	0	-0.12527957798317146	6.222442258144248	0.3430424548086072	0	0
2026-01-01 02:55:00	37.43289431098905	53.66435856462581	0	4.383161277010373	-1.1175837839926146	0.34610893819802907	0	0
2026-01-01 02:56:00	41.68385747382128	55.39740651134961	0	4.250963162832228	1.7330479467238007	0.35387819005187704	0	0
2026-01-01 02:57:00	37.45787943913712	55.51986610576141	0	-4.225978034684154	0.12245959441180077	0.3451470844541329	0	0
2026-01-01 02:58:00	36.65317766466886	55.91657373520596	0	-0.8047017744682634	0.39670762944454907	0.34136471750781844	0	0
2026-01-01 02:59:00	37.897625663367315	52.02643787498431	0	1.2444479986984547	-3.8901358602216476	0.3388473107395383	0	0
2026-01-01 03:00:00	40.98907303698595	62.020107516467405	0	3.091447373618635	9.993669641483095	0.410264644906814	0	0
2026-01-01 03:01:00	71.02915130007864	54.48865134404482	0	30.04007826309269	-7.531456172422587	0.5624149727435666	0	0
2026-01-01 03:02:00	69.16887283879481	46.11631323527173	0	-1.8602784612838263	-8.372338108773086	0.489712128106295	0	0
2026-01-01 03:03:00	73.75103560418042	49.5720067340584	1	4.582162765385604	3.4556934987866654	0.4895557751132809	0	1
2026-01-01 03:04:00	71.74881735852557	46.63468704558199	0	-2.002218245654845	-2.937319688476407	0.4834492257916064	0	0
2026-01-01 03:05:00	75.10005763633973	53.681158326904	0	3.3512402778141563	7.046471281322006	0.5078965601419645	0	0
2026-01-01 03:06:00	37.80344702178859	53.1396509588481	0	-37.296610614551135	-0.5415073680558962	0.5062597162224164	0	0
2026-01-01 03:07:00	33.610302603662504	51.76815205781417	0	-4.193144418126089	-1.371498901033931	0.341106692180975	0	0
2026-01-01 03:08:00	33.20905941845471	61.70047295769791	0	-0.40124318520779667	9.932320899883742	0.39656764487748963	0	0
2026-01-01 03:09:00	42.296008891050604	55.86754404348607	0	9.086949472595897	-5.832928914211841	0.39251846422933717	0	0
2026-01-01 03:10:00	42.543770530451134	56.59078012983595	0	0.24776163940052953	0.7232360863498783	0.35319318291108726	0	0
2026-01-01 03:11:00	36.86362363502052	49.97679668566575	0	-5.680146895430617	-6.613983444170202	0.3594565381293837	0	0
2026-01-01 03:12:00	36.28188629136598	49.71914456206292	0	-0.5817373436545381	-0.2576521236028242	0.3372994155354654	0	0
2026-01-01 03:13:00	41.844906627343605	53.87750887169632	0	5.563020335977626	4.158364309633399	0.3575769371326007	0	0
2026-01-01 03:14:00	34.168420161759556	54.43680716255391	0	-7.676486465584048	0.5592982908575905	0.367641005889382	0	0
2026-01-01 03:15:00	34.83421701792229	46.33395276893706	0	0.6657968561627357	-8.102854393616852	0.35720921566635844	0	0
2026-01-01 03:16:00	39.47707618629486	53.05231980971572	0	4.642859168372567	6.718367040778659	0.3538779370962341	0	0
2026-01-01 03:17:00	36.39183447526173	53.844113253414264	0	-3.0852417110331274	0.7917934436985448	0.34101696683573884	0	0
2026-01-01 03:18:00	37.588694055840094	52.94143316491565	0	1.1968595805783622	-0.902680088498613	0.33815992164881303	0	0
2026-01-01 03:19:00	37.14199600225175	50.56260069952594	0	-0.44669805358834225	-2.3788324653897135	0.3386649008472471	0	0
2026-01-01 03:20:00	38.67316807758658	51.672081487910326	0	1.5311720753348297	1.1094807883843885	0.3363078046585272	0	0
2026-01-01 03:21:00	41.91086390467575	53.13677238607612	0	3.237695827089169	1.4646908981657916	0.3471272785040135	0	0
2026-01-01 03:22:00	37.98800055458244	54.221323011378786	0	-3.9228633500933086	1.0845506253026684	0.3450356836844359	0	0
2026-01-01 03:23:00	39.675742820652424	56.2911295506132	0	1.6877422660699821	2.0698065392344134	0.3423462103792008	0	0
2026-01-01 03:24:00	31.62094331147664	58.20915462708834	0	-8.054799509175783	1.9180250764751392	0.3863104133860486	0	0
2026-01-01 03:25:00	37.652689625138464	52.722031521355404	0	6.031746313661824	-5.487123105732934	0.35137986483554634	0	0
2026-01-01 03:26:00	35.296390757645526	52.08841599980063	0	-2.3562988674929386	-0.6336155215547734	0.3375573092407316	0	0
2026-01-01 03:27:00	34.19673012753657	55.67720734854095	0	-1.099660630108957	3.5887913487403225	0.3419706240729128	0	0
2026-01-01 03:28:00	35.24565043528097	56.38343343367703	0	1.0489203077444031	0.7062260851360733	0.34374206917055783	0	0
2026-01-01 03:29:00	36.904525415336	52.216646135683675	0	1.6588749800550318	-4.166787297993352	0.3385746267448364	0	0
2026-01-01 03:30:00	40.68124102998039	57.12834060932086	0	3.776715614644388	4.9116944736371835	0.3546644716136953	0	0
2026-01-01 03:31:00	33.98084187212753	57.89835137729701	0	-6.700399157852864	0.770010767976153	0.37724423381203104	0	0
2026-01-01 03:32:00	38.07824957825618	59.15992341287116	0	4.097407706128649	1.2615720355741473	0.36523540889830475	0	0
2026-01-01 03:33:00	36.56002982690987	61.119552690334594	0	-1.518219751346308	1.959629277463435	0.3817855830704745	0	0
2026-01-01 03:34:00	37.0555493230863	50.553619748448334	0	0.49551949617642777	-10.56593294188626	0.356092667332969	0	0
2026-01-01 03:35:00	41.072719518588634	54.08781585866746	0	4.017170195502338	3.5341961102191277	0.34973797959236436	0	0
2026-01-01 03:36:00	39.70451625476125	54.090195758349374	0	-1.3682032638273824	0.002379899681912434	0.3401865507577072	0	0
2026-01-01 03:37:00	42.12793414197836	53.66557563569503	0	2.4234178872171057	-0.42462012265434623	0.34895649446422855	0	0
2026-01-01 03:38:00	37.67763814581349	51.47352591334105	0	-4.4502959961648685	-2.1920497223539783	0.3447027072370224	0	0
2026-01-01 03:39:00	36.07858771660468	48.14095976288411	0	-1.599050429208809	-3.332566150456941	0.34256672621804174	0	0
2026-01-01 03:40:00	37.51994399224842	54.46647800556098	0	1.4413562756437415	6.325518242676871	0.3451238891298914	0	0
2026-01-01 03:41:00	38.943959753235305	51.03481205151917	0	1.424015760986883	-3.4316659540418115	0.3392954514484359	0	0
2026-01-01 03:42:00	38.77098196158129	54.46460486610058	0	-0.17297779165401295	3.429792814581411	0.3405613677534449	0	0
2026-01-01 03:43:00	35.01273327457179	50.95677457884053	0	-3.7582486870095053	-3.507830287260049	0.34412279466687323	0	0
2026-01-01 03:44:00	38.56184507043404	49.74655447939784	0	3.5491117958622524	-1.2102200994426937	0.34523338691038785	0	0
2026-01-01 03:45:00	38.99938111344217	55.09454150302032	0	0.4375360430081301	5.34798702362248	0.3416696386323186	0	0
2026-01-01 03:46:00	45.89128033327344	54.77311521756182	0	6.891899219831274	-0.32142628545849306	0.377293703961463	0	0
2026-01-01 03:47:00	43.9933953923226	56.49855866452253	0	-1.8978849409508456	1.7254434469607034	0.3612719877197809	0	0
2026-01-01 03:48:00	35.82697562777778	62.93680790539762	0	-8.16641976454482	6.438249240875095	0.4329930774773869	0	0
2026-01-01 03:49:00	37.54824004499639	55.314353189665354	0	1.7212644172186131	-7.6224547157322675	0.3514251550553101	0	0
2026-01-01 03:50:00	34.04358845261785	56.15728429732094	0	-3.5046515923785435	0.8429311076555877	0.3468957037186048	0	0
2026-01-01 03:51:00	36.68515717514927	49.91839379305056	0	2.6415687225314244	-6.23889050427038	0.3452359766009741	0	0
2026-01-01 03:52:00	39.42729597233528	49.09261071863663	0	2.7421387971860085	-0.8257830744139341	0.34473757944355365	0	0
2026-01-01 03:53:00	42.12108311262033	60.583078912071144	0	2.6937871402850533	11.490468193434516	0.40692256616391737	0	0
2026-01-01 03:54:00	36.339150130310095	50.569281702037244	0	-5.781932982310238	-10.0137972100339	0.36874249529814823	0	0
2026-01-01 03:55:00	36.58667938652608	50.09878306749016	0	0.24752925621598365	-0.4704986345470843	0.336857768689363	0	0
2026-01-01 03:56:00	32.12980591780516	54.12944081864435	0	-4.4568734687209215	4.0306577511541875	0.3466140388561275	0	0
2026-01-01 03:57:00	38.1060663533798	53.93626240399771	0	5.976260435574645	-0.19317841464663843	0.34960898440386995	0	0
2026-01-01 03:58:00	35.42904836883657	50.69811977643446	0	-2.677017984543234	-3.238142627563249	0.3380462218089184	0	0
2026-01-01 03:59:00	37.050036769945734	53.09928465116958	0	1.620988401109166	2.401164874735123	0.33791111356410636	0	0
2026-01-01 04:00:00	36.02967170334162	59.24762988952261	0	-1.0203650666041142	6.1483452383530235	0.3638848891308167	0	0
2026-01-01 04:01:00	38.39920048213375	51.11701963711852	0	2.36952877879213	-8.13061025240409	0.34861157443151947	0	0
2026-01-01 04:02:00	33.4303717853291	48.77708854223481	0	-4.96882869680465	-2.3399310948837098	0.34866576896822515	0	0
2026-01-01 04:03:00	34.323824334555	58.13285451896316	0	0.8934525492258985	9.35576597672835	0.36260701073619944	0	0
2026-01-01 04:04:00	45.13393840747885	56.34228618344913	0	10.810114072923852	-1.790568335514024	0.40287272377174194	0	0
2026-01-01 04:05:00	66.87559233233326	51.90155929594289	0	21.741653924854404	-4.440726887506244	0.5065689946747148	0	0
2026-01-01 04:06:00	67.46840691033601	48.065417498802155	0	0.5928145780027592	-3.8361417971407334	0.4496512459018173	0	0
2026-01-01 04:07:00	76.29024048609807	51.42596026527268	1	8.821833575762057	3.360542766470523	0.5153616516002201	0	1
2026-01-01 04:08:00	79.51526995539076	54.19592021689755	0	3.225029469292693	2.7699599516248696	0.5126299167201881	0	0
2026-01-01 04:09:00	67.30576900723467	59.08762654685048	0	-12.20950094815609	4.891706329952932	0.5062227861228906	0	0
2026-01-01 04:10:00	37.76536146141813	50.28872626641248	0	-29.540407545816542	-8.798900280437998	0.4836667095713604	0	0
2026-01-01 04:11:00	39.91483806767889	54.107006181382786	0	2.1494766062607624	3.8182799149703044	0.34132826578489256	0	0
2026-01-01 04:12:00	44.096158175100456	57.155611260521425	0	4.181320107421563	3.048605079138639	0.3705866164948431	0	0
2026-01-01 04:13:00	35.96921819882666	44.939825356568	0	-8.126939976273796	-12.215785903953424	0.411589277608941	0	0
2026-01-01 04:14:00	38.21351007819392	58.609816479765726	0	2.2442918793672604	13.669991123197725	0.3851845518896837	0	0
2026-01-01 04:15:00	41.300740143512115	49.75456141883769	0	3.087230065318195	-8.855255060928037	0.36050189560810253	0	0
2026-01-01 04:16:00	40.29223868639153	55.821952205323576	0	-1.0085014571205875	6.067390786485888	0.3492282387998979	0	0
2026-01-01 04:17:00	37.878514179535586	55.49022379505592	0	-2.4137245068559423	-0.3317284102676581	0.3399172451552467	0	0
2026-01-01 04:18:00	38.62438394995048	58.85127198760467	0	0.7458697704148918	3.3610481925487505	0.35551710709936446	0	0
2026-01-01 04:19:00	34.91986402943373	56.725973250846	0	-3.704519920516745	-2.1252987367586655	0.34931633922467037	0	0
2026-01-01 04:20:00	38.3485566384425	45.02237696826332	0	3.4286926090087704	-11.70359628258268	0.3838759275900998	0	0
2026-01-01 04:21:00	38.28226926822395	51.40159888050144	0	-0.06628737021855358	6.3792219122381155	0.34634853417123534	0	0
2026-01-01 04:22:00	39.7961223776442	55.102626871795835	0	1.5138531094202534	3.7010279912943957	0.34101347255309855	0	0
2026-01-01 04:23:00	37.45163877931384	53.778890673406295	0	-2.3444835983303633	-1.3237361983895397	0.33893927400568313	0	0
2026-01-01 04:24:00	40.55007014406142	56.47817020724009	0	3.098431364747583	2.6992795338337956	0.34684744403624057	0	0
2026-01-01 04:25:00	42.19126224465395	57.734023618276055	0	1.6411921005925265	1.2558534110359645	0.35815925049814934	0	0
2026-01-01 04:26:00	39.63688872685664	57.019107317644334	0	-2.554373517797309	-0.714916300631721	0.3499561930609199	0	0
2026-01-01 04:27:00	40.24318132668659	53.73685628052664	0	0.6062925998299491	-3.282251037117696	0.3421781676697697	0	0
2026-01-01 04:28:00	39.36451457725801	47.21717622278028	0	-0.8786667494285822	-6.519680057746356	0.35439809298147235	0	0
2026-01-01 04:29:00	39.222262895978766	52.789079862932994	0	-0.14225168127924093	5.571903640152712	0.3423767858240787	0	0
2026-01-01 04:30:00	37.07412122448432	56.28487025511226	0	-2.148141671494443	3.4957903921792663	0.34266019839057277	0	0
2026-01-01 04:31:00	40.204887825195584	50.26591350988592	0	3.1307666007112616	-6.01895674522634	0.3477208045830339	0	0
2026-01-01 04:32:00	38.97997875042741	57.161018193320245	0	-1.2249090747681777	6.895104683434326	0.35303212474972184	0	0
2026-01-01 04:33:00	45.56760045551103	58.27762095342884	0	6.58762170508362	1.1166027601085915	0.3891853836817979	0	0
2026-01-01 04:34:00	44.024240387245975	55.15955574509349	0	-1.5433600682650521	-3.118065208335345	0.36274979237737265	0	0
2026-01-01 04:35:00	40.47761835049749	42.40491988116441	0	-3.546622036748488	-12.754635863929082	0.41783231606807336	0	0
2026-01-01 04:36:00	37.04663263588772	49.55554868163879	0	-3.4309857146097684	7.150628800474379	0.353274730047151	0	0
2026-01-01 04:37:00	36.01411768090986	62.22043268265438	0	-1.0325149549778558	12.664884001015594	0.4149266365662835	0	0
2026-01-01 04:38:00	68.98459187830817	52.49720977412848	0	32.9704741973983	-9.723222908525905	0.5659114188964991	0	0
2026-01-01 04:39:00	66.21460216122384	46.75438378709644	0	-2.7699897170843286	-5.742825987032042	0.4580350114432277	0	0
2026-01-01 04:40:00	66.8817975445915	59.63945265717063	1	0.6671953833676696	12.885068870074193	0.49513797080055705	0	1
2026-01-01 04:41:00	60.222443318198714	54.759302442456544	0	-6.659354226392793	-4.880150214714085	0.44963631729267617	0	0
2026-01-01 04:42:00	100.0	59.13296941129179	1	39.777556681801286	4.373666968835245	0.6635865829442291	1	1
2026-01-01 04:43:00	40.80415121857093	307.39998768369986	1	-59.19584878142907	248.26701827240808	0.7662774104967688	1	1
2026-01-01 04:44:00	36.12389370274974	56.561829422845264	0	-4.680257515821189	-250.83815826085458	0.5865837120620956	0	0
2026-01-01 04:45:00	72.1544657781761	56.186687638333595	0	36.03057207542636	-0.37514178451166913	0.574085446697123	0	0
2026-01-01 04:46:00	74.37412707070644	57.531571523715	0	2.2196612925303327	1.3448838853814067	0.5049833264156585	0	0
2026-01-01 04:47:00	73.7541305626624	63.858217425233775	1	-0.6199965080440393	6.3266459015187735	0.5486895217262227	0	1
2026-01-01 04:48:00	72.73379051111576	58.63930792531252	0	-1.0203400515466399	-5.218909499921253	0.5112126296501224	0	0
2026-01-01 04:49:00	73.31323209780979	48.44062172683425	0	0.5794415866940312	-10.19868619847827	0.5099879450297732	0	0
2026-01-01 04:50:00	38.78123737286161	56.55523081485675	0	-34.53199472494818	8.114609088022497	0.5077815355663183	0	0
2026-01-01 04:51:00	40.00788698087927	59.3410227946988	0	1.2266496080176594	2.7857919798420525	0.3622904237840433	0	0
2026-01-01 04:52:00	43.977523478609825	59.59232700595976	0	3.969636497730555	0.25130421126095825	0.38397771413637205	0	0
2026-01-01 04:53:00	31.875738285254258	53.08143687178767	0	-12.101785193355568	-6.510890134172087	0.4012212709531959	0	0
2026-01-01 04:54:00	38.87764655515288	59.45387645509348	0	7.001908269898621	6.372439583305805	0.38318466750599295	0	0
2026-01-01 04:55:00	40.13003580797663	58.51121887013446	0	1.252389252823754	-0.9426575849590151	0.35597767432189825	0	0
2026-01-01 04:56:00	40.50059892844449	65.09637822757051	0	0.3705631204678568	6.585159357436048	0.4159801143156597	0	0
2026-01-01 04:57:00	38.5088086205726	51.81226923727419	0	-1.991790307871888	-13.284108990296325	0.3682369105334591	0	0
2026-01-01 04:58:00	34.36613918465048	52.788549960441415	0	-4.142669435922123	0.9762807231672284	0.3416617866352499	0	0
2026-01-01 04:59:00	84.26645104566899	53.59946042530425	1	49.90031186101851	0.810910464862836	0.6404239711364818	1	1
2026-01-01 05:00:00	44.84130890538324	52.86874053129024	0	-39.42514214028575	-0.7307198940140083	0.5322768521784317	0	0
2026-01-01 05:01:00	35.06887517439102	51.2751466955153	0	-9.77243373099222	-1.5935938357749393	0.37732216053907985	0	0
2026-01-01 05:02:00	42.27296044487564	43.79003617919557	0	7.204085270484626	-7.485110516319736	0.4077340062293483	0	0
2026-01-01 05:03:00	38.706733427698865	53.10735665364124	0	-3.5662270171767787	9.317320474445673	0.36064064761474063	0	0
2026-01-01 05:04:00	39.51898422527342	56.3289108701796	0	0.8122507975745563	3.221554216538358	0.34410053786348355	0	0
2026-01-01 05:05:00	36.554725166020766	52.88382296704266	0	-2.9642590592526545	-3.445087903136937	0.3410543336354317	0	0
2026-01-01 05:06:00	38.720330686909136	62.60337433610482	0	2.16560552088837	9.71955136906216	0.40459327282356217	0	0
2026-01-01 05:07:00	43.63392636870136	54.92039954316569	0	4.9135956817922235	-7.682974792939127	0.3769416842656719	0	0
2026-01-01 05:08:00	41.49166637381547	60.03596654466271	0	-2.1422599948858903	5.11556700149702	0.37676250502660263	0	0
2026-01-01 05:09:00	44.95035802131496	55.92239325346244	0	3.458691647499492	-4.113573291200275	0.36960304817926387	0	0
2026-01-01 05:10:00	43.29519573813241	58.187109275172695	0	-1.6551622831825483	2.2647160217102567	0.3663245815989487	0	0
2026-01-01 05:11:00	41.08957110141552	56.00312174804765	0	-2.205624636716891	-2.1839875271250477	0.3497488955624219	0	0
2026-01-01 05:12:00	45.01327958584143	60.36587653128328	0	3.9237084844259087	4.36275478323563	0.39447392689214267	0	0
2026-01-01 05:13:00	41.107434201060734	55.11898476295252	0	-3.9058453847806973	-5.246891768330755	0.3623807071297858	0	0
2026-01-01 05:14:00	42.28321157659947	56.88410635545929	0	1.1757773755387362	1.765121592506766	0.35276060046430197	0	0
2026-01-01 05:15:00	38.91813994342818	56.36925813661633	0	-3.36507163317129	-0.5148482188429568	0.34612039120824256	0	0
2026-01-01 05:16:00	40.01590928205425	53.75499408472904	0	1.0977693386260725	-2.6142640518872895	0.3428545275058092	0	0
2026-01-01 05:17:00	37.73223250735427	56.532181264326255	0	-2.283676774699984	2.777187179597213	0.34254788902305083	0	0
2026-01-01 05:18:00	42.801300879424105	63.8538195226105	0	5.069068372069836	7.321638258284246	0.43090159858358756	0	0
2026-01-01 05:19:00	36.30549610711831	53.838615719849685	0	-6.495804772305796	-10.015203802760816	0.37936786714570403	0	0
2026-01-01 05:20:00	42.195128557375064	56.60189833647404	0	5.889632450256755	2.763282616624352	0.36303115543063585	0	0
2026-01-01 05:21:00	39.2836074180653	59.958896098768165	0	-2.9115211393097624	3.356997762294128	0.37264953370781956	0	0
2026-01-01 05:22:00	43.376597295774275	59.49244113146328	0	4.092989877708973	-0.4664549673048839	0.3802313189397347	0	0
2026-01-01 05:23:00	42.1225706317961	54.981847503678615	0	-1.2540266639781734	-4.510593627784665	0.3596064089433533	0	0
2026-01-01 05:24:00	45.33882187889178	45.40488689114624	0	3.216251247095677	-9.576960612532375	0.39980755074970153	0	0
2026-01-01 05:25:00	42.075939178093535	57.00861882693267	0	-3.2628827007982437	11.603731935786428	0.38913504693872764	0	0
2026-01-01 05:26:00	35.17403786665945	46.067182282317376	0	-6.901901311434088	-10.941436544615293	0.3931898744237888	0	0
2026-01-01 05:27:00	39.69565434950211	60.828005857863275	0	4.52161648284266	14.7608235755459	0.41698345264036685	0	0
2026-01-01 05:28:00	36.38665910963125	55.629235828480894	0	-3.3089952398708533	-5.198770029382381	0.3463568855052733	0	0
2026-01-01 05:29:00	38.35381944677	58.95302556642237	0	1.9671603371387434	3.3237897379414747	0.3576052198434424	0	0
2026-01-01 05:30:00	44.44813391356827	51.34877975414484	0	6.094314466798274	-7.604245812277526	0.37462497436353137	0	0
2026-01-01 05:31:00	41.832650929490235	48.74999485519836	0	-2.615482984078035	-2.5987848989464837	0.35852041153867836	0	0
2026-01-01 05:32:00	37.828670230676984	56.00574829477128	0	-4.003980698813251	7.255753439572921	0.355460391428999	0	0
2026-01-01 05:33:00	36.88953247022807	54.83092852495006	0	-0.9391377604489151	-1.1748197698212195	0.33947837049303153	0	0
2026-01-01 05:34:00	40.03406483539466	53.00169597375427	0	3.14453236516659	-1.829232551195787	0.3427867424191993	0	0
2026-01-01 05:35:00	36.29088293407981	55.30892681404265	0	-3.7431819013148484	2.3072308402883763	0.34317541462729495	0	0
2026-01-01 05:36:00	37.93179812149299	66.04235304497041	0	1.640915187413178	10.733426230927762	0.4333423193627917	0	0
2026-01-01 05:37:00	40.88571359716285	58.31294478073079	0	2.9539154756698593	-7.729408264239623	0.37335466358183844	0	0
2026-01-01 05:38:00	43.419898091991875	59.17497541528917	0	2.5341844948290273	0.8620306345583799	0.3708000619171628	0	0
2026-01-01 05:39:00	41.784333692419935	58.35477220408673	0	-1.6355643995719404	-0.8202032112024398	0.36287775504558223	0	0
2026-01-01 05:40:00	65.93912872167479	60.8988220658675	0	24.154795029254856	2.5440498617807705	0.5508060417737839	0	0
2026-01-01 05:41:00	73.72980547862002	54.22254082088583	0	7.790676756945231	-6.676281244981666	0.5150132990816637	0	0
2026-01-01 05:42:00	73.03632432358066	46.765541437964465	1	-0.6934811550393647	-7.456999382921367	0.5069172360054529	0	1
2026-01-01 05:43:00	74.06522297366458	54.23190639347339	0	1.0288986500839172	7.466364955508922	0.5046488293590122	0	0
2026-01-01 05:44:00	77.6753198141035	58.23476309128512	0	3.6100968404389278	4.00285669781173	0.527787611679298	0	0
2026-01-01 05:45:00	33.78887440197181	51.11009303573272	0	-43.88644541213169	-7.1246700555524	0.5378499108529625	0	0
2026-01-01 05:46:00	38.20803770864536	54.285210190152014	0	4.419163306673546	3.175117154419297	0.34765907084989484	0	0
2026-01-01 05:47:00	41.756635673953554	52.224879380777494	0	3.548597965308197	-2.06033080937452	0.3488740494253118	0	0
2026-01-01 05:48:00	35.241512149183905	61.001264681145386	0	-6.515123524769649	8.776385300367892	0.4129331701389451	0	0
2026-01-01 05:49:00	44.41633100901004	57.992069994051015	0	9.174818859826132	-3.0091946870943715	0.4046372468408561	0	0
2026-01-01 05:50:00	41.09555205392055	57.60140359048512	0	-3.3207789550894873	-0.3906664035658949	0.35975449993211744	0	0
2026-01-01 05:51:00	42.532042319937446	57.4825504336875	0	1.4364902660168966	-0.11885315679761987	0.358952773185477	0	0
2026-01-01 05:52:00	38.28107728562557	54.84795712488697	0	-4.250965034311875	-2.6345933088005324	0.3489748416851141	0	0
2026-01-01 05:53:00	42.43662697826576	55.78789308429358	0	4.155549692640186	0.9399359594066112	0.3568230006851596	0	0
2026-01-01 05:54:00	43.20198791772268	50.25754830274852	0	0.7653609394569258	-5.530344781545061	0.3581478934673084	0	0
2026-01-01 05:55:00	40.69625433121059	46.25304222039728	0	-2.5057335865120933	-4.004506082351234	0.36026105226386806	0	0
2026-01-01 05:56:00	40.701679629660006	55.59956299716205	0	0.005425298449416971	9.34652077676477	0.35939326198635424	0	0
2026-01-01 05:57:00	40.81017299358525	56.295532662958614	0	0.10849336392524123	0.6959696657965608	0.34581997514188423	0	0
2026-01-01 05:58:00	37.40958343642357	59.836867889022365	0	-3.4005895571616804	3.541335226063751	0.36844024644182893	0	0
2026-01-01 05:59:00	39.55731876648628	61.28529566793314	0	2.1477353300627158	1.4484277789107765	0.38119393660744816	0	0
2026-01-01 06:00:00	39.54243240264292	61.27999393999579	0	-0.014886363843359618	-0.00530172793735062	0.38034337259913925	0	0
2026-01-01 06:01:00	41.15008640026783	51.00785803042816	0	1.607653997624908	-10.27213590956763	0.36144302643999043	0	0
2026-01-01 06:02:00	42.99909197137259	53.59074947552178	0	1.8490055711047617	2.5828914450936225	0.35022428445132503	0	0
2026-01-01 06:03:00	36.82353502980484	56.92090882139555	0	-6.175556941567756	3.330159345873767	0.36366024865057184	0	0
2026-01-01 06:04:00	39.623449860605184	65.12685718675067	0	2.799914830800347	8.20594836535512	0.4227393265093787	0	0
2026-01-01 06:05:00	44.441986913776006	60.91920695025521	0	4.818537053170822	-4.207650236495461	0.414093954085802	0	0
2026-01-01 06:06:00	37.76580856331787	59.475875272871306	0	-6.676178350458137	-1.4433316773839024	0.3875104589532002	0	0
2026-01-01 06:07:00	37.52858585649616	53.4465161319864	0	-0.23722270682171143	-6.029359140884907	0.34199994014821405	0	0
2026-01-01 06:08:00	40.60082684568454	51.46415561047498	0	3.07224098918838	-1.982360521511417	0.3427334442826237	0	0
2026-01-01 06:09:00	42.5254459338632	58.15177671473657	0	1.924619088178666	6.687621104261588	0.3672385236829671	0	0
2026-01-01 06:10:00	40.02476038250055	50.59259605097185	0	-2.5006855513626505	-7.559180663764721	0.3493602526802756	0	0
2026-01-01 06:11:00	43.975365636160475	54.040496528503546	0	3.9506052536599228	3.4479004775316966	0.36041577126047225	0	0
2026-01-01 06:12:00	42.556677295245315	54.53403587776518	0	-1.4186883409151605	0.49353934926163134	0.35222890399700996	0	0
2026-01-01 06:13:00	42.50937690624368	61.363606709277974	0	-0.04730038900163436	6.829570831512797	0.3928399014290129	0	0
2026-01-01 06:14:00	41.64369748819095	53.57188478027063	0	-0.8656794180527285	-7.791721929007345	0.35988021536176984	0	0
2026-01-01 06:15:00	46.96154853342429	45.23229606190256	0	5.31785104523334	-8.33958871836807	0.40686402674268446	0	0
2026-01-01 06:16:00	39.360155436000106	57.005598841948995	0	-7.601393097424186	11.773302780046436	0.4021865612982514	0	0
2026-01-01 06:17:00	33.96193497479532	52.19016351308172	0	-5.398220461204787	-4.815435328867274	0.3518362304823686	0	0
2026-01-01 06:18:00	44.7819364218827	55.15511076641663	0	10.820001447087378	2.9649472533349055	0.39556627075248074	0	0
2026-01-01 06:19:00	59.647223810573976	54.63600870912032	0	14.865287388691279	-0.5191020572963083	0.45894517294246007	0	0
2026-01-01 06:20:00	61.34025539241338	53.886157507187654	0	1.6930315818394064	-0.749851201932664	0.41322384865790834	0	0
2026-01-01 06:21:00	64.94136840879503	58.14038696501213	1	3.601113016381646	4.254229457824472	0.44751394299022657	0	1
2026-01-01 06:22:00	56.20185043896184	48.84552147842506	0	-8.739517969833187	-9.294865486587064	0.4564317370172549	0	0
2026-01-01 06:23:00	57.24941061865752	52.906785691437115	0	1.0475601796956795	4.061264213012052	0.4064438160853243	0	0
2026-01-01 06:24:00	35.14138514232617	57.70876112931089	0	-22.10802547633135	4.801975437873779	0.45848789488075736	0	0
2026-01-01 06:25:00	37.55815451214693	52.51394258973412	0	2.4167693698207557	-5.194818539576772	0.3417333092895393	0	0
2026-01-01 06:26:00	41.25462837481686	48.53263244130305	0	3.696473862669933	-3.9813101484310707	0.3561923289654605	0	0
2026-01-01 06:27:00	41.50324809798758	57.639563657801574	0	0.24861972317071945	9.106931216498523	0.3688203578840899	0	0
2026-01-01 06:28:00	40.75428405439888	59.45510927997277	0	-0.7489640435886997	1.815545622171193	0.3643035648276653	0	0
2026-01-01 06:29:00	35.68175184512005	54.780043917826546	0	-5.072532209278833	-4.675065362146221	0.35205655791259355	0	0
2026-01-01 06:30:00	32.98413830384017	47.11384191299092	0	-2.6976135412798783	-7.666202004835625	0.35049128650571193	0	0
2026-01-01 06:31:00	40.07171973003997	57.77820847372968	0	7.0875814261998045	10.664366560738756	0.39371400746977175	0	0
2026-01-01 06:32:00	38.4873525865007	48.3117888180291	0	-1.584367143539275	-9.466419655700577	0.3575371127805141	0	0
2026-01-01 06:33:00	41.27467118334654	56.18345404149102	0	2.787318596845843	7.8716652234619175	0.35799203506036825	0	0
2026-01-01 06:34:00	41.99601951228298	51.395224017840945	0	0.7213483289364362	-4.7882300236500726	0.35212743593279283	0	0
2026-01-01 06:35:00	40.29833940085365	50.30245040927094	0	-1.697680111429328	-1.0927736085700062	0.3418788222253966	0	0
2026-01-01 06:36:00	42.157282662078934	53.170801634656925	0	1.858943261225285	2.868351225385986	0.34816175301356117	0	0
2026-01-01 06:37:00	40.55759778794753	54.20179160709212	0	-1.5996848741314054	1.0309899724351936	0.3416295812717756	0	0
2026-01-01 06:38:00	41.45305013217671	52.35459500614037	0	0.8954523442291844	-1.8471966009517473	0.34487884463849666	0	0
2026-01-01 06:39:00	37.741540801971134	57.282593408150994	0	-3.7115093302055797	4.927998402010623	0.3537398350399228	0	0
2026-01-01 06:40:00	39.309243288627705	53.13976125122571	0	1.5677024866565716	-4.142832156925287	0.3407017004362144	0	0
2026-01-01 06:41:00	40.43073526643378	58.840966974918736	0	1.1214919778060732	5.701205723693029	0.3588779690970815	0	0
2026-01-01 06:42:00	42.29413450189181	56.040967200393695	0	1.8633992354580329	-2.799999774525041	0.3554500877215481	0	0
2026-01-01 06:43:00	38.64328046058138	52.122023162242314	0	-3.6508540413104313	-3.9189440381513805	0.3444294666973467	0	0
2026-01-01 06:44:00	41.37977360167297	51.44437638190917	0	2.736493141091593	-0.6776467803331414	0.34493319606167244	0	0
2026-01-01 06:45:00	39.01033642828617	48.3139412058264	0	-2.3694371733867996	-3.13043517608277	0.34574798755254693	0	0
2026-01-01 06:46:00	39.446620544223904	56.06255623457144	0	0.4362841159377311	7.748615028745036	0.3507102239338459	0	0
2026-01-01 06:47:00	42.27901185091805	53.47687717341749	0	2.8323913066941486	-2.5856790611539466	0.35105922671163153	0	0
2026-01-01 06:48:00	84.20939861348495	45.40195589141497	1	41.9303867625669	-8.07492128200252	0.6414847362935582	1	1
2026-01-01 06:49:00	35.88289408040251	52.743296041235794	0	-48.32650453308244	7.341340149820823	0.5491823088523426	0	0
2026-01-01 06:50:00	35.31640387887087	51.27734391857986	0	-0.5664902015316358	-1.4659521226559349	0.3381785053184669	0	0
2026-01-01 06:51:00	32.75257484554021	61.1794219712252	0	-2.563829033330663	9.902078052645344	0.39498997767998517	0	0
2026-01-01 06:52:00	37.70890732738682	48.060735876352936	0	4.956332481846609	-13.118686094872267	0.37839825076795214	0	0
2026-01-01 06:53:00	41.98209428378771	49.10149309336603	0	4.273186956400892	1.0407572170130948	0.3589822978317763	0	0
2026-01-01 06:54:00	38.86904700482904	59.30172817441118	0	-3.1130472789586676	10.20023508104515	0.38199693908722365	0	0
2026-01-01 06:55:00	60.41701302992211	60.283762978922155	0	21.547966025093068	0.9820348045109739	0.5258691255580826	0	0
2026-01-01 06:56:00	63.08083183885629	51.87154687647742	0	2.663818808934181	-8.412216102444738	0.43516747066672407	0	0
2026-01-01 06:57:00	63.78558957983456	52.31781125729813	1	0.7047577409782662	0.44626438082071473	0.4149061686177378	0	1
2026-01-01 06:58:00	59.5842846855666	57.30567978810379	0	-4.201304894267956	4.987868530805656	0.43932767133972167	0	0
2026-01-01 06:59:00	63.84143914381156	45.52683050678848	0	4.257154458244962	-11.77884928131531	0.4753007384897044	0	0
2026-01-01 07:00:00	39.93563823819301	47.38485439342312	0	-23.905800905618555	1.8580238866346406	0.458671561923156	0	0
2026-01-01 07:01:00	37.135678566805744	53.701003015741215	0	-2.7999596713872634	6.316148622318096	0.3456737418630459	0	0
2026-01-01 07:02:00	37.85310347549002	61.017714530559616	0	0.7174249086842792	7.316711514818401	0.37842631142143857	0	0
2026-01-01 07:03:00	35.18294282684142	53.06935582960128	0	-2.6701606486486043	-7.948358700958337	0.3490485798230879	0	0
2026-01-01 07:04:00	36.948215398182235	55.21005564663221	0	1.765272571340816	2.140699817030935	0.33779768019259554	0	0
2026-01-01 07:05:00	38.526448479636	59.335406362185694	0	1.5782330814537673	4.1253507155534805	0.36069742259253584	0	0
2026-01-01 07:06:00	41.998952406817736	63.22163760745355	0	3.4725039271817337	3.886231245267858	0.41099943296739255	0	0
2026-01-01 07:07:00	44.7380231015461	52.48046291143082	0	2.739070694728362	-10.741174696022732	0.38004193606252173	0	0
2026-01-01 07:08:00	35.41650301349924	54.71417688488147	0	-9.32152008804686	2.233713973450648	0.3749898936088767	0	0
2026-01-01 07:09:00	40.728681849351624	62.0633206076573	0	5.312178835852386	7.349143722775835	0.4058117114267657	0	0
2026-01-01 07:10:00	36.415537690009664	48.67978765297542	0	-4.3131441593419595	-13.383532954681883	0.3753923153955278	0	0
2026-01-01 07:11:00	40.94804926182239	58.87230328043168	0	4.5325115718127265	10.19251562745626	0.3892176549665515	0	0
2026-01-01 07:12:00	39.117305210888354	50.682020452030734	0	-1.8307440509340367	-8.190282828400946	0.35026480344815664	0	0
2026-01-01 07:13:00	34.004273784476176	55.15838509942201	0	-5.113031426412178	4.476364647391279	0.3512570178391739	0	0
2026-01-01 07:14:00	42.26812752676745	53.771142086429904	0	8.263853742291275	-1.3872430129921085	0.373051396244244	0	0
2026-01-01 07:15:00	37.654299156524864	50.902604244670606	0	-4.613828370242587	-2.8685378417592986	0.34593971567811593	0	0
2026-01-01 07:16:00	37.853485040872506	50.795185167363485	0	0.19918588434764217	-0.10741907730712086	0.33537176224523	0	0
2026-01-01 07:17:00	36.231632970058776	55.82610255897894	0	-1.6218520708137305	5.0309173916154535	0.3404995509865375	0	0
2026-01-01 07:18:00	37.46356508085912	58.69536476811162	0	1.2319321108003436	2.8692622091326783	0.3528503394635059	0	0
2026-01-01 07:19:00	40.69543147464846	54.18693526352784	0	3.231866393789339	-4.5084295045837735	0.3485884805647257	0	0
2026-01-01 07:20:00	38.82919318504987	54.978915738862405	0	-1.8662382895985914	0.7919804753345616	0.3388431578579962	0	0
2026-01-01 07:21:00	40.36789936607228	56.975652944776606	0	1.5387061810224125	1.9967372059142008	0.3475758881601595	0	0
2026-01-01 07:22:00	40.45248745427051	50.79688585419015	0	0.08458808819823105	-6.1787670905864545	0.3455044699102827	0	0
2026-01-01 07:23:00	43.31333706344462	57.634446082081745	0	2.8608496091741102	6.8375602278915935	0.3688510099497358	0	0
2026-01-01 07:24:00	38.30744581237888	57.94527452072499	0	-5.005891251065741	0.3108284386432487	0.3657326367309197	0	0
2026-01-01 07:25:00	34.88950524229079	65.07454454141563	0	-3.417940570088092	7.12927002069064	0.4160871692503953	0	0
2026-01-01 07:26:00	42.50584292953619	53.147671077671795	0	7.616337687245405	-11.926873463743838	0.39648033180407655	0	0
2026-01-01 07:27:00	38.293631012427475	52.81172055768711	0	-4.212211917108718	-0.33595051998468506	0.34449588495637135	0	0
2026-01-01 07:28:00	42.61561587940001	57.71178275912892	0	4.321984866972535	4.900062201441813	0.3700710684321269	0	0
2026-01-01 07:29:00	40.405536379723074	57.904119195736385	0	-2.2100794996769366	0.19233643660746225	0.35449044423258014	0	0
2026-01-01 07:30:00	38.845382734502834	52.47904904904959	0	-1.5601536452202396	-5.425070146686792	0.3409145623976155	0	0
2026-01-01 07:31:00	40.26833739884341	52.99835415063207	0	1.4229546643405726	0.519305101582475	0.3386381628765284	0	0
2026-01-01 07:32:00	45.0580862149033	56.76704762013436	0	4.789748816059891	3.7686934695022956	0.3726430479992082	0	0
2026-01-01 07:33:00	45.418853688650245	51.283619087805846	0	0.3607674737469466	-5.483428532328517	0.3657314179153411	0	0
2026-01-01 07:34:00	39.37874414924958	52.94316441986556	0	-6.040109539400667	1.6595453320597144	0.35605148636295864	0	0
2026-01-01 07:35:00	39.633686571145695	54.934928465070975	0	0.2549424218961178	1.9917640452054144	0.3382797577311154	0	0
2026-01-01 07:36:00	42.36417504882517	58.55148202750204	0	2.7304884776794722	3.616553562431065	0.36288952467406843	0	0
2026-01-01 07:37:00	36.58063733746884	52.14041575316728	0	-5.783537711356324	-6.4110662743347575	0.3562324073982921	0	0
2026-01-01 07:38:00	40.0988238266202	47.18026850626003	0	3.518186489151354	-4.960147246907255	0.3583870756833422	0	0
2026-01-01 07:39:00	39.00384319438925	46.874325999052566	0	-1.0949806322309499	-0.30594250720746174	0.35169276400046556	0	0
2026-01-01 07:40:00	40.00480250473916	49.49388666835871	0	1.0009593103499128	2.6195606693061464	0.34206286773430356	0	0
2026-01-01 07:41:00	36.544445036695464	49.26960485447209	0	-3.4603574680436964	-0.22428181388661983	0.3430797320095223	0	0
2026-01-01 07:42:00	34.2571503635717	53.89448338726966	0	-2.2872946731237676	4.624878532797567	0.340583173710474	0	0
2026-01-01 07:43:00	32.788032085252006	49.74797058222252	0	-1.4691182783196908	-4.146512805047138	0.3390819735273958	0	0
2026-01-01 07:44:00	35.63578812402285	51.68295039221102	0	2.8477560387708465	1.9349798099884978	0.3381951242358606	0	0
2026-01-01 07:45:00	37.592701560508885	51.38802016773524	0	1.9569134364860332	-0.29493022447577744	0.3364400971513996	0	0
2026-01-01 07:46:00	38.06976885607396	52.71264036461815	0	0.4770672955650781	1.3246201968829112	0.33499145072688274	0	0
2026-01-01 07:47:00	44.74148292139992	59.754912043148174	0	6.671714065325958	7.042271678530021	0.40447673571875764	0	0
2026-01-01 07:48:00	42.22804535160557	57.1028229786639	0	-2.5134375697943483	-2.6520890644842723	0.3631419307949002	0	0
2026-01-01 07:49:00	36.00389806583248	54.509603368532694	0	-6.224147285773093	-2.5932196101312073	0.35958491014427546	0	0
2026-01-01 07:50:00	39.91323368913509	52.590949043567754	0	3.90933562330261	-1.9186543249649404	0.34293284392236845	0	0
2026-01-01 07:51:00	37.62864166557944	52.69200756082312	0	-2.2845920235556534	0.10105851725536752	0.33574430594876997	0	0
2026-01-01 07:52:00	37.97638441446899	55.72572384410243	0	0.3477427488895515	3.033716283279311	0.3396776815396668	0	0
2026-01-01 07:53:00	39.3648843303	56.74112998443609	0	1.3884999158310123	1.0154061403336598	0.3436519477031788	0	0
2026-01-01 07:54:00	40.645684477545835	50.76361553890743	0	1.2808001472458344	-5.977514445528662	0.345493588180734	0	0
2026-01-01 07:55:00	37.74949210542303	54.52955680099446	0	-2.8961923721228047	3.7659412620870327	0.3418002921406152	0	0
2026-01-01 07:56:00	41.937751669597034	46.246620261044875	0	4.188259564174004	-8.282936539949588	0.38062033668225254	0	0
2026-01-01 07:57:00	35.29914539230076	55.20933517204637	0	-6.638606277296276	8.962714911001498	0.37572032030511837	0	0
2026-01-01 07:58:00	38.7225741464858	57.400375447534245	0	3.4234287541850392	2.1910402754878717	0.34896639739698754	0	0
2026-01-01 07:59:00	46.475009324678915	53.220719564922206	0	7.752435178193117	-4.179655882612039	0.3900902526512457	0	0
2026-01-01 08:00:00	39.32949326572022	61.59623500348261	0	-7.145516058958698	8.375515438560406	0.4198315329476914	0	0
2026-01-01 08:01:00	42.93799857186247	50.79422373627778	0	3.6085053061422556	-10.802011267204833	0.37490923895502193	0	0
2026-01-01 08:02:00	38.89085213893488	55.177907463420674	0	-4.04714643292759	4.383683727142895	0.3485744799112308	0	0
2026-01-01 08:03:00	40.33639540100392	54.15373307084344	0	1.4455432620690374	-1.0241743925772369	0.341023946232646	0	0
2026-01-01 08:04:00	38.40132342384305	53.884645833736926	0	-1.9350719771608667	-0.26908723710651117	0.3401411957464451	0	0
2026-01-01 08:05:00	38.03789596323685	53.81727068134575	0	-0.36342746060620357	-0.06737515239117897	0.3379777122505465	0	0
2026-01-01 08:06:00	36.18795445336466	54.691620941808345	0	-1.8499415098721883	0.8743502604625988	0.33813044488730715	0	0
2026-01-01 08:07:00	39.79442632682829	57.64359609883262	0	3.606471873463626	2.951975157024272	0.354829993881105	0	0
2026-01-01 08:08:00	35.92586939400696	59.75118542588111	0	-3.8685569328213276	2.107589327048494	0.3715707217872563	0	0
2026-01-01 08:09:00	40.45403392598001	54.219638130503235	0	4.528164531973054	-5.531547295377877	0.3537315537514581	0	0
2026-01-01 08:10:00	41.68977547146659	57.47822151775096	0	1.2357415454865759	3.2585833872477252	0.356828033653625	0	0
2026-01-01 08:11:00	39.50998435135562	51.39812727975483	0	-2.17979112011097	-6.0800942379961285	0.34429540107930384	0	0
2026-01-01 08:12:00	37.52795947878716	57.25717465063205	0	-1.9820248725684593	5.859047370877221	0.3490691574145494	0	0
2026-01-01 08:13:00	39.72475829640368	51.13346468393083	0	2.196798817616518	-6.12370996670122	0.3444483856690215	0	0
2026-01-01 08:14:00	37.412839054032446	58.53206885468837	0	-2.311919242371232	7.398604170757537	0.3578974427684844	0	0
2026-01-01 08:15:00	41.121337499420896	62.99991157108569	0	3.70849844538845	4.467842716397321	0.4073242336842211	0	0
2026-01-01 08:16:00	32.79615747290505	53.65685231088964	0	-8.325180026515845	-9.34305926019605	0.3825217599810033	0	0
2026-01-01 08:17:00	37.259075386915946	45.362774782406305	0	4.4629179140108945	-8.294077528483335	0.36981610780909224	0	0
2026-01-01 08:18:00	32.268825900848164	51.92833921013079	0	-4.990249486067782	6.565564427724482	0.3520926730574813	0	0
2026-01-01 08:19:00	33.73128688874002	59.035735226868034	0	1.462460987891859	7.107396016737248	0.36120285935245516	0	0
2026-01-01 08:20:00	42.28310713233165	56.30806736954594	0	8.551820243591628	-2.7276678573220963	0.38151827007322936	0	0
2026-01-01 08:21:00	40.85197049753185	55.078862170508515	0	-1.431136634799799	-1.2292051990374233	0.3458632755260674	0	0
2026-01-01 08:22:00	35.98271448370882	58.10525101560096	0	-4.869256013823033	3.0263888450924483	0.36071360385609447	0	0
2026-01-01 08:23:00	33.608229451527436	55.99568366681875	0	-2.374485032181383	-2.109567348782214	0.34328705112690255	0	0
2026-01-01 08:24:00	29.19658343022452	58.91598572167928	0	-4.411646021302914	2.920302054860528	0.3738427323052118	0	0
2026-01-01 08:25:00	36.433959518876925	57.70991772792536	0	7.237376088652404	-1.2060679937539192	0.3724955578050618	0	0
2026-01-01 08:26:00	45.29981364291439	60.10608611403392	0	8.865854124037462	2.396168386108563	0.42128582060076747	0	0
2026-01-01 08:27:00	39.31719094130155	55.44145339908032	0	-5.98262270161284	-4.664632714953598	0.3636724952401434	0	0
2026-01-01 08:28:00	36.30763824232446	57.61421515621229	0	-3.009552698977089	2.1727617571319655	0.3503964133599034	0	0
2026-01-01 08:29:00	39.35526065384715	52.75150172032997	0	3.0476224115226884	-4.86271343588232	0.3431164584659798	0	0
2026-01-01 08:30:00	33.250658343929025	51.56092345522015	0	-6.104602309918121	-1.1905782651098207	0.3523038981848056	0	0
2026-01-01 08:31:00	37.01492564934553	60.78051843039511	0	3.764267305416503	9.219594975174964	0.3885910614113366	0	0
2026-01-01 08:32:00	38.17853995511444	54.80487247332436	0	1.1636143057689097	-5.975645957070753	0.3471555320916114	0	0
2026-01-01 08:33:00	37.594867353344306	57.146106917853245	0	-0.5836726017701324	2.3412344445288866	0.34496757515199905	0	0
2026-01-01 08:34:00	40.19849993359438	54.40800084190763	0	2.6036325802500713	-2.738106075945616	0.3438384594301843	0	0
2026-01-01 08:35:00	38.83278050963697	51.55335981178455	0	-1.3657194239574082	-2.8546410301230765	0.3399830629237239	0	0
2026-01-01 08:36:00	39.7764376688937	53.92966137761446	0	0.9436571592567304	2.3763015658299054	0.3401793027988532	0	0
2026-01-01 08:37:00	35.67880959412958	59.61593929148178	0	-4.097628074764117	5.686277913867322	0.370248230619455	0	0
2026-01-01 08:38:00	40.40969205910885	56.0790832140563	0	4.730882464979267	-3.536856077425483	0.3556587347355518	0	0
2026-01-01 08:39:00	42.57522916360657	46.99831652144546	0	2.165537104497723	-9.080766692610837	0.3756998731335281	0	0
2026-01-01 08:40:00	34.749995872235544	395.1789184562647	1	-7.825233291371028	348.1806019348192	0.7455349543513344	1	1
2026-01-01 08:41:00	34.96923773068161	60.94533751973149	0	0.21924185844606825	-334.2335809365332	0.6259039789000356	1	0
2026-01-01 08:42:00	41.61141266496101	52.94684238060034	0	6.642174934279396	-7.998495139131151	0.37007429898552663	0	0
2026-01-01 08:43:00	37.00161788375531	46.58591015498352	0	-4.6097947812057	-6.360932225616814	0.3579777171842547	0	0
2026-01-01 08:44:00	41.758559978427385	61.34574344280403	0	4.756942094672077	14.759833287820506	0.4312521770676631	0	0
2026-01-01 08:45:00	36.19079093911322	56.48876907664606	0	-5.567769039314165	-4.856974366157971	0.36164620241992596	0	0
2026-01-01 08:46:00	41.85469393670215	53.464727168693805	0	5.663902997588927	-3.0240419079522525	0.3579707718005025	0	0
2026-01-01 08:47:00	37.85503120103335	52.244615930980224	0	-3.9996627356687995	-1.2201112377135814	0.342463061031866	0	0
2026-01-01 08:48:00	38.20613472474203	58.045131846553915	0	0.35110352370868014	5.8005159155736905	0.35341993182563114	0	0
2026-01-01 08:49:00	42.09633533987804	51.53315703652939	0	3.89020061513601	-6.511974810024526	0.3595588034198148	0	0
2026-01-01 08:50:00	36.28746193576873	58.27941238211457	0	-5.808873404109306	6.746255345585183	0.3729947841206518	0	0
2026-01-01 08:51:00	34.519858806581986	55.84039369007545	0	-1.767603129186746	-2.43901869203912	0.3429115786515617	0	0
2026-01-01 08:52:00	35.96784439210664	54.635496210045254	0	1.4479855855246555	-1.2048974800301977	0.33984582540672537	0	0
2026-01-01 08:53:00	38.64071155075342	54.22391407075439	0	2.672867158646781	-0.4115821392908643	0.340948900015906	0	0
2026-01-01 08:54:00	32.55646649358133	52.926999708204725	0	-6.08424505717209	-1.2969143625496642	0.35608650160365507	0	0
2026-01-01 08:55:00	39.13605232855092	57.79438029113584	0	6.579585834969585	4.867380582931112	0.36517903198177437	0	0
2026-01-01 08:56:00	35.57708405053328	50.13532767328592	0	-3.5589682780176375	-7.659052617849916	0.34751565577069643	0	0
2026-01-01 08:57:00	40.606457416447235	47.09380920980244	0	5.029373365913955	-3.0415184634834844	0.3627091830394631	0	0
2026-01-01 08:58:00	29.9497235768404	56.02401273734081	0	-10.656733839606833	8.930203527538374	0.4104489115842591	0	0
2026-01-01 08:59:00	34.74215643092035	56.07588019038502	0	4.7924328540799515	0.05186745304420981	0.3525872582939309	0	0
2026-01-01 09:00:00	32.01166335816317	55.4564985159798	0	-2.7304930727571843	-0.6193816744052185	0.34467924957389157	0	0
2026-01-01 09:01:00	34.561458845467826	55.15098710075199	0	2.5497954873046567	-0.3055114152278122	0.34128531238947435	0	0
2026-01-01 09:02:00	37.75209034632534	52.222384808149066	0	3.1906315008575135	-2.9286022926029247	0.34051730256196755	0	0
2026-01-01 09:03:00	36.44022472206753	56.6388831167505	0	-1.3118656242578055	4.416498308601433	0.34461391927781837	0	0
2026-01-01 09:04:00	36.18645099774592	53.29105934527682	0	-0.2537737243216114	-3.347823771473678	0.3388333334620346	0	0
2026-01-01 09:05:00	36.43757594368251	51.50911103565063	0	0.2511249459365885	-1.7819483096261877	0.33776965860790015	0	0
2026-01-01 09:06:00	37.49371047879737	52.19420762944717	0	1.0561345351148574	0.685096593796537	0.3354311683569645	0	0
2026-01-01 09:07:00	33.82622177743427	61.50847374673512	0	-3.667488701363098	9.31426611728795	0.39863059995659417	0	0
2026-01-01 09:08:00	38.94053252332214	46.47008747213076	0	5.11431074588787	-15.038386274604363	0.3924101760963385	0	0
2026-01-01 09:09:00	38.77600536648587	55.39315614484791	0	-0.16452715683627162	8.92306867271715	0.354444314888115	0	0
2026-01-01 09:10:00	37.911015889124904	46.66150932758343	0	-0.8649894773609645	-8.731646817264476	0.3590039858226331	0	0
2026-01-01 09:11:00	38.39326840260047	52.92890068388144	0	0.4822525134755651	6.267391356298006	0.3451611060678589	0	0
2026-01-01 09:12:00	37.58056006601456	51.61114309117754	0	-0.8127083365859065	-1.3177575927038987	0.33761622916473594	0	0
2026-01-01 09:13:00	42.76403656820155	44.98929514328466	0	5.183476502186984	-6.621847947892881	0.3865207692384211	0	0
2026-01-01 09:14:00	36.36491796899984	54.869250602813736	0	-6.399118599201707	9.879955459529079	0.37640471054774544	0	0
2026-01-01 09:15:00	35.67220849599696	51.77657682673157	0	-0.6927094730028784	-3.092673776082165	0.33819122139854113	0	0
2026-01-01 09:16:00	34.30000754883294	44.88346977470757	0	-1.3722009471640249	-6.893107052024	0.36057336199674933	0	0
2026-01-01 09:17:00	33.43080951289372	56.62207112541062	0	-0.8691980359392204	11.73860135070305	0.3676971511690819	0	0
2026-01-01 09:18:00	32.76106512049861	58.98726495360666	0	-0.6697443923951099	2.365193828196041	0.35884074126931126	0	0
2026-01-01 09:19:00	33.79484785673688	59.191117267401104	0	1.0337827362382725	0.20385231379444235	0.36041891358012224	0	0
2026-01-01 09:20:00	36.21583495190918	54.64976381103858	0	2.4209870951723005	-4.541353456362522	0.34483899855506495	0	0
2026-01-01 09:21:00	37.39727540529899	53.38142756421139	0	1.1814404533898113	-1.2683362468271895	0.3388702687706846	0	0
2026-01-01 09:22:00	60.69935542964602	58.49301758497201	0	23.302080024347028	5.111590020760616	0.5150778545791678	0	0
2026-01-01 09:23:00	58.21559450454792	59.893060984172976	0	-2.483760925098096	1.4000433992009675	0.43937688550309106	0	0
2026-01-01 09:24:00	63.17890465377016	57.68087676675169	1	4.963310149222238	-2.2121842174212887	0.4444826115501266	0	1
2026-01-01 09:25:00	62.66261978995533	49.36346695200109	0	-0.5162848638148319	-8.317409814750597	0.43936368307384815	0	0
2026-01-01 09:26:00	59.93134849532204	53.91795259604778	0	-2.731271294633288	4.554485644046693	0.4217138555370362	0	0
2026-01-01 09:27:00	34.2321910591042	54.85353432371488	0	-25.69915743621784	0.935581727667099	0.46187941110198305	0	0
2026-01-01 09:28:00	37.80189851574598	45.83983950095937	0	3.5697074566417797	-9.013694822755511	0.36743358369392765	0	0
2026-01-01 09:29:00	36.68609356280281	54.93852903865534	0	-1.1158049529431722	9.098689537695968	0.3536398129322579	0	0
2026-01-01 09:30:00	31.74323251184206	62.13577444896116	0	-4.942861050960751	7.197245410305818	0.4072194269074142	0	0
2026-01-01 09:31:00	35.84899911247573	55.58621460341763	0	4.105766600633672	-6.549559845543527	0.3554268671966657	0	0
2026-01-01 09:32:00	36.80425766774362	58.90272744152726	0	0.9552585552678892	3.316512838109631	0.3573070908972652	0	0
2026-01-01 09:33:00	33.28416164624333	53.72328192336811	0	-3.5200960215002937	-5.179445518159149	0.3460212893512093	0	0
2026-01-01 09:34:00	36.51775804602574	52.68124063782142	0	3.2335963997824138	-1.042041285546695	0.33968488714588563	0	0
2026-01-01 09:35:00	31.54862902786246	54.481633802141815	0	-4.9691290181632795	1.800393164320397	0.35107396824225695	0	0
2026-01-01 09:36:00	39.886410822961246	49.67561966952464	0	8.337781795098785	-4.806014132617172	0.3703849697605193	0	0
2026-01-01 09:37:00	39.58634661155264	49.06614757924962	0	-0.3000642114086034	-0.6094720902750197	0.34222646434301496	0	0
2026-01-01 09:38:00	35.04947755420051	57.96873300723216	0	-4.536869057352135	8.902585427982537	0.3697874930701431	0	0
2026-01-01 09:39:00	36.86181491388955	58.375095321652246	0	1.812337359689046	0.4063623144200861	0.3525060833300858	0	0
2026-01-01 09:40:00	28.50599846611084	48.90345691940583	0	-8.355816447778714	-9.471638402246413	0.3871237349778657	0	0
2026-01-01 09:41:00	32.230924645167036	56.72197903119697	0	3.7249261790561974	7.81852211179114	0.36002563866923093	0	0
2026-01-01 09:42:00	34.78272560879194	52.48419128220008	0	2.551800963624906	-4.237787748996894	0.34175851543177904	0	0
2026-01-01 09:43:00	32.41165021267011	54.173258936437065	0	-2.3710753961218316	1.689067654236986	0.33967245908663357	0	0
2026-01-01 09:44:00	37.73511848259945	54.636839075093995	0	5.323468269929336	0.4635801386569298	0.34609866541590545	0	0
2026-01-01 09:45:00	41.547591922440006	56.75525303759529	0	3.8124734398405593	2.118413962501293	0.35400613277895043	0	0
2026-01-01 09:46:00	31.989525694832672	53.090557734013046	0	-9.558066227607334	-3.664695303582242	0.3782010343703259	0	0
2026-01-01 09:47:00	32.97054208294355	381.95870900079893	1	0.9810163881108807	328.8681512667859	0.7397920938553765	1	1
2026-01-01 09:48:00	36.152735455080055	53.96084653411483	0	3.1821933721365028	-327.9978624666841	0.6150287965708123	0	0
2026-01-01 09:49:00	40.243093159178805	55.2016094467181	0	4.09035770409875	1.240762912603273	0.34573259498538605	0	0
2026-01-01 09:50:00	31.70587314584853	49.35344767558513	0	-8.537220013330277	-5.848161771132972	0.37207797491575856	0	0
2026-01-01 09:51:00	36.083253526076945	61.3027086223974	0	4.377380380228416	11.949260946812267	0.4149563839991953	0	0
2026-01-01 09:52:00	40.76308919477138	54.528896013985886	0	4.679835668694437	-6.773812608411511	0.36132243848119916	0	0
2026-01-01 09:53:00	30.306861791980896	55.48305931963974	0	-10.456227402790486	0.9541633056538572	0.39244125273520764	0	0
2026-01-01 09:54:00	31.38177802662199	46.17974957873358	0	1.074916234641094	-9.303309740906165	0.3585057776659263	0	0
2026-01-01 09:55:00	33.9169127622227	49.303058198486205	0	2.5351347356007103	3.1233086197526276	0.34387936944750963	0	0
2026-01-01 09:56:00	33.58861551053431	57.526725126225195	0	-0.3282972516883902	8.22366692773899	0.35592853476022435	0	0
2026-01-01 09:57:00	37.55073472403146	53.70402990355568	0	3.9621192134971466	-3.822695222669516	0.345230923414597	0	0
2026-01-01 09:58:00	35.80036278906956	44.88257287548782	0	-1.7503719349618976	-8.821457028067861	0.3654924293461421	0	0
2026-01-01 09:59:00	29.712853591528877	56.672029601162905	0	-6.087509197540683	11.789456725675088	0.39669876475822924	0	0
2026-01-01 10:00:00	63.72391812282319	50.32486878258911	0	34.011064531294316	-6.347160818573798	0.5365514457599692	0	0
2026-01-01 10:01:00	60.40723528880589	58.12635046188289	0	-3.3166828340173	7.801481679293786	0.44910055326904147	0	0
2026-01-01 10:02:00	65.92526416597914	52.110775086102535	1	5.518028877173251	-6.015575375780358	0.442537202765074	0	1
2026-01-01 10:03:00	60.181136719779545	53.26193295156689	0	-5.744127446199599	1.1511578654643557	0.4330616170550336	0	0
2026-01-01 10:04:00	60.11593726727743	57.13986641559828	0	-0.06519945250211379	3.8779334640313863	0.4283508241447487	0	0
2026-01-01 10:05:00	36.433282521607474	48.81497196117829	0	-23.682654745669957	-8.32489445441999	0.4670295950848252	0	0
2026-01-01 10:06:00	67.38129304612595	48.41440656996228	0	30.948010524518473	-0.40056539121600565	0.533828627853827	0	0
2026-01-01 10:07:00	66.3984207601761	51.580604654331786	0	-0.9828722859498527	3.166198084369505	0.43569523166487684	0	0
2026-01-01 10:08:00	59.958849672223536	55.65604901241434	1	-6.439571087952558	4.075444358082557	0.44478530211549067	0	1
2026-01-01 10:09:00	66.59117451955493	47.0045635911716	0	6.63232484733139	-8.65148542124274	0.475101849773885	0	0
2026-01-01 10:10:00	61.83548797384619	45.63660466661878	0	-4.755686545708734	-1.3679589245528234	0.4507189637875269	0	0
2026-01-01 10:11:00	35.28456748593436	55.58425328375995	0	-26.55092048791183	9.94764861714117	0.48473734402519075	0	0
2026-01-01 10:12:00	30.268701691198288	49.85803924842972	0	-5.015865794736072	-5.72621403533023	0.35348622568200333	0	0
2026-01-01 10:13:00	70.48296381837488	50.68158815350605	0	40.214262127176596	0.8235489050763292	0.5673799082230803	0	0
2026-01-01 10:14:00	66.68519438354731	44.80374745778838	0	-3.797769434827572	-5.877840695717666	0.4745527186357574	0	0
2026-01-01 10:15:00	65.21799591677978	49.49552619368708	1	-1.4671984667675275	4.691778735898694	0.4357319079422963	0	1
2026-01-01 10:16:00	71.16818484270931	52.16158654742078	0	5.950188925929524	2.6660603537337053	0.4583548467194779	0	0
2026-01-01 10:17:00	69.71239910444577	55.89373771751365	0	-1.4557857382635433	3.7321511700928696	0.4614905377520998	0	0
2026-01-01 10:18:00	32.46318056390426	323.7080473006398	1	-37.249218540541506	267.81430958312615	0.7533432688962148	1	1
2026-01-01 10:19:00	38.619223946077774	58.76234818043728	0	6.1560433821735145	-264.9456991202025	0.601468392713646	0	0
2026-01-01 10:20:00	61.97545605213163	391.8341078134097	1	23.356232106053852	333.0717596329724	0.7755851751521515	1	1
2026-01-01 10:21:00	63.35415109672094	49.36093148134644	0	1.378695044589314	-342.47317633206325	0.6565675575785642	1	0
2026-01-01 10:22:00	64.02490346903207	58.2228964208724	1	0.6707523723111279	8.861964939525961	0.4559714856320086	0	1
2026-01-01 10:23:00	61.31942142318279	52.89943487252306	0	-2.70548204584928	-5.323461548349343	0.42597053826493714	0	0
2026-01-01 10:24:00	64.55200601039166	49.8255842993327	0	3.2325845872088763	-3.073850573190363	0.4293490887314543	0	0
2026-01-01 10:25:00	32.4271098570932	51.39320092457132	0	-32.124896153298465	1.567616625238621	0.4806463430628139	0	0
2026-01-01 10:26:00	32.75257572260384	57.40603965479447	0	0.32546586551063683	6.012838730223152	0.35169000677716616	0	0
2026-01-01 10:27:00	38.035366483252695	57.83853056042406	0	5.282790760648858	0.43249090562959225	0.3586108115171705	0	0
2026-01-01 10:28:00	30.78555312735544	48.68648292536535	0	-7.249813355897256	-9.152047635058715	0.3748741703660772	0	0
2026-01-01 10:29:00	26.628768623579735	51.76381956786767	0	-4.156784503775704	3.077336642502324	0.3523184134430063	0	0
2026-01-01 10:30:00	38.659645308686585	52.274044472495746	0	12.03087668510685	0.5102249046280747	0.37808981753498216	0	0
2026-01-01 10:31:00	41.43447003134534	47.94828264469577	0	2.7748247226587566	-4.3257618277999725	0.35664961486207747	0	0
2026-01-01 10:32:00	32.530258137811124	51.65029275647958	0	-8.904211893534217	3.7020101117838067	0.3731072488071963	0	0
2026-01-01 10:33:00	27.89506025323781	51.874078629355985	0	-4.635197884573316	0.22378587287640528	0.34923516978552466	0	0
2026-01-01 10:34:00	32.73356033865514	56.39334404936843	0	4.83850008541733	4.519265420012445	0.35518440886262237	0	0
2026-01-01 10:35:00	32.76571153331501	56.64189030466331	0	0.032151194659874704	0.24854625529488317	0.34652282258143396	0	0
2026-01-01 10:36:00	33.013907972386235	50.475002154290465	0	0.24819643907122213	-6.1668881503728485	0.3399546519448659	0	0
2026-01-01 10:37:00	30.202746254211615	220.472450270081	1	-2.8111617181746205	169.99744811579052	0.6418015542617905	1	1
2026-01-01 10:38:00	35.24075724002411	54.40820611451988	0	5.038010985812495	-166.0642441555611	0.5298383902231435	0	0
2026-01-01 10:39:00	35.03469269663319	49.38983148967942	0	-0.20606454339091584	-5.018374624840455	0.3415690455469044	0	0
2026-01-01 10:40:00	28.936984573798767	54.06466132357796	0	-6.097708122834426	4.674829833898535	0.36591508001781825	0	0
2026-01-01 10:41:00	35.476757375117934	51.33795764053977	0	6.539772801319167	-2.7267036830381883	0.351155705757223	0	0
2026-01-01 10:42:00	39.49612353817538	47.79143998521437	0	4.019366163057448	-3.5465176553254025	0.35308284459629047	0	0
2026-01-01 10:43:00	33.81278744993905	47.82110637479536	0	-5.683336088236331	0.029666389580995656	0.35648546938359904	0	0
2026-01-01 10:44:00	32.24370605836606	57.41607555641019	0	-1.5690813915729933	9.594969181614829	0.36321918710034234	0	0
2026-01-01 10:45:00	32.788385009809055	50.98151140994261	0	0.5446789514429966	-6.434564146467579	0.3431371428265312	0	0
2026-01-01 10:46:00	35.018816864956605	58.14793965761871	0	2.2304318551475504	7.1664282476760945	0.35938875441486345	0	0
2026-01-01 10:47:00	27.93962324831584	49.5112739895591	0	-7.079193616640765	-8.636665668059607	0.37550976089858357	0	0
2026-01-01 10:48:00	33.58334205268138	52.70990577640071	0	5.643718804365541	3.1986317868416094	0.34961611140600096	0	0
2026-01-01 10:49:00	31.877251141891676	61.09502838721302	0	-1.7060909107897047	8.38512261081231	0.3884877499132222	0	0
2026-01-01 10:50:00	38.550533033910874	47.273982018868246	0	6.673281892019197	-13.821046368344774	0.3919850688733267	0	0
2026-01-01 10:51:00	32.44289754834083	43.891449875278745	0	-6.107635485570043	-3.3825321435895006	0.37477720315202867	0	0
2026-01-01 10:52:00	37.92737988058593	56.60821904876262	0	5.484482332245101	12.716769173483875	0.38518782636649196	0	0
2026-01-01 10:53:00	29.570740587994862	48.13374491909816	0	-8.356639292591069	-8.474474129664458	0.38228615427907325	0	0
2026-01-01 10:54:00	34.601930947447606	51.33725126709468	0	5.031190359452744	3.203506347996516	0.34719836522358644	0	0
2026-01-01 10:55:00	33.75649093168361	49.05547222834862	0	-0.8454400157639981	-2.281779038746059	0.33930803921013364	0	0
2026-01-01 10:56:00	30.14923181457565	52.450837902906265	0	-3.607259117107958	3.3953656745576453	0.3487041590612387	0	0
2026-01-01 10:57:00	53.55839520969919	47.5550574205824	0	23.409163395123542	-4.895780482323865	0.49629039615786835	0	0
2026-01-01 10:58:00	56.621742638415	50.61643152885806	0	3.063347428715808	3.0613741082756576	0.40664483981308874	0	0
2026-01-01 10:59:00	51.970739398857575	53.11441737851601	1	-4.651003239557426	2.497985849657951	0.39998304739527424	0	1
2026-01-01 11:00:00	47.82410487065354	47.26085968041556	0	-4.146634528204032	-5.8535576981004525	0.3941383015268793	0	0
2026-01-01 11:01:00	52.80513336976056	48.47267362244408	0	4.981028499107019	1.2118139420285203	0.4002410368542659	0	0
2026-01-01 11:02:00	29.796530756166874	49.86236868587808	0	-23.008602613593688	1.3896950634340044	0.4587998851239035	0	0
2026-01-01 11:03:00	31.434510114298288	45.515504728239854	0	1.637979358131414	-4.346863957638227	0.3507101813831477	0	0
2026-01-01 11:04:00	32.17445564694131	49.51936554680336	0	0.7399455326430235	4.003860818563503	0.3406864374120287	0	0
2026-01-01 11:05:00	27.259902275215175	51.66361562124248	0	-4.914553371726136	2.144250074439121	0.35440267622423366	0	0
2026-01-01 11:06:00	27.48747862059702	49.569031052925816	0	0.2275763453818449	-2.0945845683166624	0.3431940301864834	0	0
2026-01-01 11:07:00	33.738204415800716	50.06049598288518	0	6.250725795203696	0.4914649299593634	0.34821230434249845	0	0
2026-01-01 11:08:00	30.681354454929604	51.04514858809298	0	-3.056849960871112	0.9846526052077991	0.341288350713691	0	0
2026-01-01 11:09:00	24.51274132475331	48.48051332537825	0	-6.168613130176293	-2.564635262714731	0.3688312753247429	0	0
2026-01-01 11:10:00	34.51892824920544	53.84644833315802	0	10.006186924452127	5.365935007779775	0.3803867378250328	0	0
2026-01-01 11:11:00	32.93888598738719	56.80480085998934	0	-1.5800422618182495	2.9583525268313196	0.3457192611685085	0	0
2026-01-01 11:12:00	29.937492436068144	49.18203688530701	0	-3.001393551319044	-7.622763974682336	0.3512881449461786	0	0
2026-01-01 11:13:00	28.085926878227056	52.95900168161172	0	-1.851565557841088	3.7769647963047106	0.34802286382363984	0	0
2026-01-01 11:14:00	34.50110303311499	50.0383710503474	0	6.415176154887931	-2.9206306312643164	0.35106154928769484	0	0
2026-01-01 11:15:00	32.998955087842575	52.43740099023466	0	-1.5021479452724122	2.3990299398872565	0.33748866419950485	0	0
2026-01-01 11:16:00	39.05589680181767	57.217163101695746	0	6.0569417139750925	4.779762111461089	0.36041777845751044	0	0
2026-01-01 11:17:00	33.12580615626216	52.96725835211607	0	-5.930090645555509	-4.249904749579677	0.3546423829118569	0	0
2026-01-01 11:18:00	32.98546467870752	43.81751947222202	0	-0.14034147755463522	-9.149738879894052	0.36643603874852415	0	0
2026-01-01 11:19:00	31.278651664412724	52.70570025315705	0	-1.7068130142947986	8.88818078093503	0.3519626587067192	0	0
2026-01-01 11:20:00	34.186809378271676	55.79969586157069	0	2.9081577138589516	3.0939956084136426	0.34356515516817887	0	0
2026-01-01 11:21:00	33.56875064223471	331.0613700014581	1	-0.6180587360369643	275.2616741398874	0.7058491563202843	1	1
2026-01-01 11:22:00	35.40565108430236	54.80777725377472	0	1.8369004420676518	-276.2535927476834	0.590150578837915	0	0
2026-01-01 11:23:00	30.043456900126404	48.04325066341134	0	-5.362194184175959	-6.764526590363374	0.36151924181648604	0	0
2026-01-01 11:24:00	30.25812223157042	44.84001568711206	0	0.21466533144401723	-3.203234976299285	0.3545313240993095	0	0
2026-01-01 11:25:00	30.08392434916323	51.32529300628015	0	-0.17419788240719214	6.485277319168091	0.3480370558870369	0	0
2026-01-01 11:26:00	33.85049927483307	43.7131401726628	0	3.7665749256698398	-7.612152833617351	0.37366884600522626	0	0
2026-01-01 11:27:00	35.93004954080199	49.75837905838153	0	2.079550265968919	6.045238885718732	0.346366596917708	0	0
2026-01-01 11:28:00	30.015209530152756	55.843234555382345	0	-5.9148400106492325	6.084855497000817	0.36845426619924865	0	0
2026-01-01 11:29:00	30.07418811935796	224.92205081590816	1	0.05897858920520349	169.07881626052583	0.6430571625524518	1	1
2026-01-01 11:30:00	32.247493593809914	45.534643777444664	0	2.173305474451954	-179.3874070384635	0.5347893105726915	0	0
2026-01-01 11:31:00	30.524705191319597	46.50286586503284	0	-1.7227884024903162	0.968222087588174	0.3494160663654601	0	0
2026-01-01 11:32:00	34.07485439347114	50.3560672781819	0	3.5501492021515446	3.8532014131490584	0.3455313139452404	0	0
2026-01-01 11:33:00	24.42004210272124	49.124819844704355	0	-9.654812290749902	-1.2312474334775416	0.3922814093964875	0	0
2026-01-01 11:34:00	28.651916996928385	56.162561595623885	0	4.231874894207145	7.03774175091953	0.36853308958260816	0	0
2026-01-01 11:35:00	28.74141974663531	54.361727690626616	0	0.08950274970692362	-1.800833904997269	0.3496684131855009	0	0
2026-01-01 11:36:00	24.084216595518104	52.50373410061266	0	-4.657203151117205	-1.8579935900139546	0.3610342852858091	0	0
2026-01-01 11:37:00	28.110965283014345	51.08346156543592	0	4.026748687496241	-1.4202725351767427	0.3491854313919588	0	0
2026-01-01 11:38:00	28.21298917766446	52.05214787054042	0	0.10202389465011663	0.9686863051045052	0.3426019495922538	0	0
2026-01-01 11:39:00	30.311702223077535	47.00957867206351	0	2.0987130454130742	-5.042569198476912	0.3488537215275159	0	0
2026-01-01 11:40:00	34.210455102457374	53.86462012796474	0	3.8987528793798383	6.85504145590123	0.34967078793647566	0	0
2026-01-01 11:41:00	30.092900121549935	45.965864020124215	0	-4.117554980907439	-7.898756107840526	0.3634932495109409	0	0
2026-01-01 11:42:00	27.69214979646499	53.73380345424815	0	-2.400750325084946	7.767939434123932	0.3580961172139162	0	0
2026-01-01 11:43:00	30.57022127831341	55.11511245945232	0	2.8780714818484228	1.381309005204173	0.34761922292574515	0	0
2026-01-01 11:44:00	33.845085601765305	51.192240777072975	0	3.2748643234518937	-3.922871682379345	0.34219662798204337	0	0
2026-01-01 11:45:00	27.726154843956717	49.62216341030281	0	-6.118930757808588	-1.570077366770164	0.3607970972350345	0	0
2026-01-01 11:46:00	27.878760743584227	51.90648233091298	0	0.1526058996275097	2.2843189206101684	0.34392056322776654	0	0
2026-01-01 11:47:00	32.242574753456445	38.8373904574142	0	4.363814009872218	-13.069091873498778	0.4362048132876395	0	0
2026-01-01 11:48:00	29.858751215237035	51.47071265515656	0	-2.38382353821941	12.633322197742359	0.37186582770033416	0	0
2026-01-01 11:49:00	32.42223535734186	49.786474651247495	0	2.5634841421048264	-1.6842380039090656	0.34024278204985575	0	0
2026-01-01 11:50:00	30.395253498267472	50.01558448459872	0	-2.0269818590743895	0.2291098333512238	0.3400528214308882	0	0
2026-01-01 11:51:00	32.49758910185939	53.022429130386655	0	2.102335603591918	3.006844645787936	0.34074183937220087	0	0
2026-01-01 11:52:00	27.24376062490309	49.875421797253594	0	-5.253828476956301	-3.147007333133061	0.3568069316179928	0	0
2026-01-01 11:53:00	30.269131179733424	45.59186513944448	0	3.025370554830335	-4.283556657809115	0.35603540912203424	0	0
2026-01-01 11:54:00	29.629699439989263	49.565274058237854	0	-0.6394317397441611	3.9734089187933748	0.3446120854892795	0	0
2026-01-01 11:55:00	26.570476078033217	50.3792963614961	0	-3.0592233619560467	0.8140223032582483	0.34669621763852054	0	0
2026-01-01 11:56:00	25.48409022076677	50.546997678510465	0	-1.0863858572664462	0.16770131701436242	0.34660464434295135	0	0
2026-01-01 11:57:00	32.18814306153743	50.71312544699699	0	6.704052840770661	0.16612776848652544	0.35181386862099556	0	0
2026-01-01 11:58:00	29.034408208329808	54.20110885716608	0	-3.1537348532076237	3.487983410169093	0.35034090967216375	0	0
2026-01-01 11:59:00	26.976792247905475	45.67767833428714	0	-2.0576159604243323	-8.523430522878947	0.36290575611100107	0	0
2026-01-01 12:00:00	29.711463189230003	50.7028018246594	0	2.734670941324527	5.025123490372266	0.3463586226447216	0	0
2026-01-01 12:01:00	33.340423479200446	55.13790224804924	0	3.6289602899704434	4.435100423389834	0.34341551931186776	0	0
2026-01-01 12:02:00	23.070521108900493	43.01792133475935	0	-10.269902370299953	-12.119980913289886	0.44886490616393504	0	0
2026-01-01 12:03:00	25.379187974576578	50.65313874526349	0	2.3086668656760843	7.63521741050414	0.35744954271560636	0	0
2026-01-01 12:04:00	27.056816609941365	47.57122395992141	0	1.677628635364787	-3.0819147853420787	0.34940641600144495	0	0
2026-01-01 12:05:00	34.16538774981538	48.408084036934774	0	7.108571139874016	0.8368600770133625	0.360081526712133	0	0
2026-01-01 12:06:00	30.58599146567916	46.24988524560294	0	-3.5793962841362195	-2.1581987913318343	0.35463889324156556	0	0
2026-01-01 12:07:00	31.99656658928545	49.16910457114911	0	1.4105751236062893	2.919219325546173	0.3415290313784447	0	0
2026-01-01 12:08:00	26.230522275596297	57.190524974195114	0	-5.766044313689154	8.021420403046001	0.3898104648089894	0	0
2026-01-01 12:09:00	26.248794216597737	44.745979476495805	0	0.018271941001440695	-12.444545497699309	0.37997942560427095	0	0
2026-01-01 12:10:00	30.90724727651477	45.10346305325801	0	4.658453059917033	0.3574835767622062	0.36115437502173736	0	0
2026-01-01 12:11:00	29.695041707592903	44.55237107673926	0	-1.212205568921867	-0.5510919765187481	0.3589246503128691	0	0
2026-01-01 12:12:00	31.122856894162947	56.64799336529769	0	1.4278151865700437	12.095622288558424	0.3734965270042828	0	0
2026-01-01 12:13:00	28.870059151580875	47.867177240097966	0	-2.2527977425820715	-8.78081612519972	0.3538381576625665	0	0
2026-01-01 12:14:00	30.223945784015314	49.59220106093502	0	1.3538866324344383	1.7250238208370519	0.34126342574598917	0	0
2026-01-01 12:15:00	29.8203259624139	48.061852589424326	0	-0.4036198216014135	-1.5303484715106919	0.34319289870734976	0	0
2026-01-01 12:16:00	31.635737429813528	45.873526117667005	0	1.8154114673996276	-2.188326471757321	0.34906576893916286	0	0
2026-01-01 12:17:00	31.67993994387942	48.68885496256526	0	0.0442025140658906	2.8153288448982536	0.3415189103580402	0	0
2026-01-01 12:18:00	24.355793059546244	59.44067894430701	0	-7.3241468843331745	10.751823981741751	0.43197416677627853	0	0
2026-01-01 12:19:00	22.430112258855388	55.154242646336	0	-1.9256808006908557	-4.286436297971008	0.3718250455235022	0	0
2026-01-01 12:20:00	32.133678765477946	46.152470015092625	0	9.703566506622558	-9.001772631243377	0.39892314545558694	0	0
2026-01-01 12:21:00	32.64815909315179	52.132788318929734	0	0.5144803276738443	5.980318303837109	0.3417436260255271	0	0
2026-01-01 12:22:00	25.979673416257747	46.194680146733376	0	-6.6684856768940435	-5.938108172196358	0.37402461451467023	0	0
2026-01-01 12:23:00	23.418613164242352	42.39358913655474	0	-2.5610602520153947	-3.801091010178638	0.3728241932644132	0	0
2026-01-01 12:24:00	29.25181983034507	53.55540135432025	0	5.833206666102718	11.161812217765515	0.3811032663934709	0	0
2026-01-01 12:25:00	31.70384593053194	54.096037012314376	0	2.4520261001868704	0.5406356579941232	0.34204146003704594	0	0
2026-01-01 12:26:00	34.26075142962388	53.61819293535207	0	2.5569054990919398	-0.477844076962306	0.33931292462269286	0	0
2026-01-01 12:27:00	30.37351874172598	47.53285201583252	0	-3.8872326878978996	-6.0853409195195525	0.3535339800178055	0	0
2026-01-01 12:28:00	27.66615647619144	48.72355034696632	0	-2.7073622655345417	1.1906983311338024	0.3452419987848057	0	0
2026-01-01 12:29:00	26.058618443887113	52.36806736895335	0	-1.6075380323043262	3.6445170219870278	0.3493091042916738	0	0
2026-01-01 12:30:00	28.729091952811448	50.91335318829217	0	2.670473508924335	-1.4547141806611776	0.3449506486588984	0	0
2026-01-01 12:31:00	27.75369658560701	47.75119546344321	0	-0.9753953672044382	-3.16215772484896	0.34687988196800423	0	0
2026-01-01 12:32:00	25.563065273212896	42.82784721472701	0	-2.190631312394114	-4.923348248716202	0.3682987089101907	0	0
2026-01-01 12:33:00	34.71134073267807	49.73803766661216	0	9.148275459465172	6.91019045188515	0.3842550390357599	0	0
2026-01-01 12:34:00	33.87741109492029	53.576991501296405	0	-0.8339296377577767	3.838953834684247	0.3396888321780722	0	0
2026-01-01 12:35:00	31.886912188767123	256.6270152775022	1	-1.9904989061531673	203.05002377620582	0.6690535952485568	1	1
2026-01-01 12:36:00	25.67310415617031	51.77286520150275	0	-6.213808032596813	-204.85415007599946	0.5700677379927005	0	0
2026-01-01 12:37:00	30.957632316853573	50.52245395251564	0	5.284528160683262	-1.2504112489871133	0.3485616441252169	0	0
2026-01-01 12:38:00	30.26840316988693	52.17535502362595	0	-0.6892291469666425	1.652901071110307	0.34056145771703883	0	0
2026-01-01 12:39:00	29.634141834121916	52.641154479630906	0	-0.6342613357650144	0.46579945600495876	0.3419742733414495	0	0
2026-01-01 12:40:00	32.01251402446203	46.35389814396393	0	2.3783721903401123	-6.287256335666974	0.3504818651389794	0	0
2026-01-01 12:41:00	30.126677973845418	42.642444671971006	0	-1.8858360506166107	-3.7114534719929253	0.37096787149217025	0	0
2026-01-01 12:42:00	30.397687453991537	46.95474426980775	0	0.2710094801461196	4.312299597836741	0.3515266955491288	0	0
2026-01-01 12:43:00	30.04547849002928	52.62388909006436	0	-0.35220896396225854	5.669144820256612	0.34675075107795833	0	0
2026-01-01 12:44:00	29.11428427024087	46.87793940901339	0	-0.9311942197884093	-5.745949681050966	0.3480769107375181	0	0
2026-01-01 12:45:00	22.69826339069617	239.15432044194495	1	-6.4160208795447	192.27638103293157	0.6652068699996937	1	1
2026-01-01 12:46:00	28.257183888059707	41.71775896021546	0	5.5589204973635375	-197.43656148172948	0.5685067464346495	0	0
2026-01-01 12:47:00	26.29500661205085	55.99238146250286	0	-1.9621772760088554	14.2746225022874	0.38829391470255303	0	0
2026-01-01 12:48:00	24.08136021890235	52.26329611161244	0	-2.213646393148501	-3.729085350890422	0.3563663494164525	0	0
2026-01-01 12:49:00	32.92367313633801	52.01869556431683	0	8.84231291743566	-0.24460054729561165	0.3704259835316353	0	0
2026-01-01 12:50:00	33.02258988327608	52.78870347742738	0	0.09891674693807317	0.7700079131105539	0.3368484425037346	0	0
2026-01-01 12:51:00	31.870687450671827	51.2033462710661	0	-1.1519024326042562	-1.5853572063612802	0.3392117504982537	0	0
2026-01-01 12:52:00	28.516129707128975	47.89792930756256	0	-3.354557743542852	-3.3054169635035393	0.34937952670696665	0	0
2026-01-01 12:53:00	31.75987145363383	48.19894162889913	0	3.243741746504856	0.3010123213365645	0.344316910678607	0	0
2026-01-01 12:54:00	27.70170590324642	47.12251572235197	0	-4.058165550387411	-1.0764259065471578	0.3533479515169175	0	0
2026-01-01 12:55:00	28.231532907431607	59.350533556029134	0	0.5298270041851865	12.228017833677164	0.3963049607682985	0	0
2026-01-01 12:56:00	24.300366932617376	51.014038647199435	0	-3.931165974814231	-8.3364949088297	0.36598951373230837	0	0
2026-01-01 12:57:00	28.72944098320659	46.9140317694493	0	4.4290740505892146	-4.100006877750133	0.3548927484188218	0	0
2026-01-01 12:58:00	70.27250154617558	50.61008707639291	1	41.54306056296899	3.696055306943606	0.5691449978432765	0	1
2026-01-01 12:59:00	23.54602416744133	44.683514587547094	0	-46.726477378734245	-5.926572488845814	0.5640328924956272	0	0
2026-01-01 13:00:00	27.25821821352501	54.72393164884431	0	3.7121940460836775	10.040417061297212	0.3744334877309965	0	0
2026-01-01 13:01:00	27.130499163849823	46.04056754448157	0	-0.12771904967518566	-8.683364104362738	0.35819910002326416	0	0
2026-01-01 13:02:00	32.72029973915135	50.66814985009858	0	5.589800575301528	4.627582305617011	0.35150900393295914	0	0
2026-01-01 13:03:00	29.968235486889487	52.90670826964717	0	-2.7520642522618637	2.238558419548589	0.34602341920033497	0	0
2026-01-01 13:04:00	27.27796275910441	50.160887397734975	0	-2.6902727277850786	-2.745820871912194	0.34593387633634165	0	0
2026-01-01 13:05:00	27.94807178909333	48.978734897123594	0	0.6701090299889216	-1.1821525006113802	0.3448520082399268	0	0
2026-01-01 13:06:00	27.29248368727337	48.62313161590445	0	-0.6555881018199585	-0.3556032812191461	0.34713902811853187	0	0
2026-01-01 13:07:00	26.509295364272464	48.33325427178112	0	-0.7831883230009069	-0.289877344123326	0.3465688588574331	0	0
2026-01-01 13:08:00	23.829001360607776	46.23134752067631	0	-2.680294003664688	-2.1019067511048135	0.3556360829729602	0	0
2026-01-01 13:09:00	26.5814286174235	46.71935840604333	0	2.752427256815725	0.488010885367018	0.35288488042786503	0	0
2026-01-01 13:10:00	24.75464723499973	54.41483249708237	0	-1.8267813824237713	7.695474091039046	0.3650440030340245	0	0
2026-01-01 13:11:00	23.200410392950456	48.04153197411932	0	-1.5542368420492743	-6.373300522963049	0.359012837068898	0	0
2026-01-01 13:12:00	28.443495499893128	238.01217732162624	1	5.243085106942672	189.97064534750692	0.6632921041983348	1	1
2026-01-01 13:13:00	28.04215591496221	46.36899058013522	0	-0.4013395849309198	-191.64318674149104	0.5387525766898262	0	0
2026-01-01 13:14:00	21.466830901844844	52.81495944076343	0	-6.575325013117364	6.445968860628213	0.3943215627846504	0	0
2026-01-01 13:15:00	26.41755143448301	51.095229206142115	0	4.950720532638165	-1.7197302346213164	0.35569123291212823	0	0
2026-01-01 13:16:00	29.73142261312821	50.61347594064324	0	3.3138711786452006	-0.4817532654988739	0.34433096053870893	0	0
2026-01-01 13:17:00	29.88076476406109	47.3214619780469	0	0.14934215093288117	-3.292013962596343	0.34656716103792173	0	0
2026-01-01 13:18:00	29.73944193631801	50.62441558452293	0	-0.1413228277430818	3.3029536064760308	0.3420888874209928	0	0
2026-01-01 13:19:00	26.737572440671112	45.73617191018078	0	-3.001869495646897	-4.888243674342149	0.3585157871489337	0	0
2026-01-01 13:20:00	24.044662582835866	47.251443157988554	0	-2.6929098578352466	1.5152712478077746	0.35358821940566654	0	0
2026-01-01 13:21:00	23.287732947150893	52.14863266417952	0	-0.7569296356849726	4.897189506190969	0.359117069623327	0	0
2026-01-01 13:22:00	27.5317409016564	51.74607380937892	0	4.244007954505506	-0.4025588548006027	0.35195323957629454	0	0
2026-01-01 13:23:00	27.59492972311833	44.30090542620821	0	0.06318882146193161	-7.44516838317071	0.3621698217688928	0	0
2026-01-01 13:24:00	30.27831383936219	44.7860544406392	0	2.683384116243861	0.4851490144309878	0.3603429456157618	0	0
2026-01-01 13:25:00	29.67555856818924	48.62261841983513	0	-0.6027552711729527	3.8365639791959296	0.34716110607707007	0	0
2026-01-01 13:26:00	25.938301763163516	55.07202336505655	0	-3.737256805025723	6.449404945221424	0.3627723039668042	0	0
2026-01-01 13:27:00	22.561807988319025	40.48495215457484	0	-3.3764937748444908	-14.58707121048171	0.42154015266036154	0	0
2026-01-01 13:28:00	25.29661427480819	49.240298791202456	0	2.734806286489164	8.755346636627614	0.3649597051269176	0	0
2026-01-01 13:29:00	26.86520741090725	42.60258358694525	0	1.5685931360990608	-6.637715204257205	0.3713105552777162	0	0
2026-01-01 13:30:00	25.566915940180895	45.54925886407238	0	-1.2982914707263546	2.9466752771271274	0.35835219737124224	0	0
2026-01-01 13:31:00	24.399208059398823	46.60873151955893	0	-1.1677078807820713	1.0594726554865517	0.35468161057209335	0	0
2026-01-01 13:32:00	26.851343160016963	46.364310983806064	0	2.4521351006181398	-0.24442053575286593	0.3538889146276981	0	0
2026-01-01 13:33:00	24.540688211925502	45.89109695944183	0	-2.310654948091461	-0.473214024364232	0.35758685052719097	0	0
2026-01-01 13:34:00	24.128311059571413	48.035082896879246	0	-0.41237715235408956	2.1439859374374137	0.3508581746297074	0	0
2026-01-01 13:35:00	26.906891604322947	45.845244284184005	0	2.7785805447515344	-2.1898386126952403	0.35629737292854236	0	0
2026-01-01 13:36:00	24.726655828854387	42.11648724520439	0	-2.18023577546856	-3.728757038979616	0.37206266479655564	0	0
2026-01-01 13:37:00	26.625124640800287	51.06588418702373	0	1.8984688119459001	8.949396941819337	0.35874718345648393	0	0
2026-01-01 13:38:00	26.672679641993977	50.938022455314325	0	0.047555001193689606	-0.12786173170940174	0.34468124655064736	0	0
2026-01-01 13:39:00	22.395115621350993	51.279398552403535	0	-4.277564020642984	0.3413760970892099	0.3627339321927722	0	0
2026-01-01 13:40:00	24.330094010996778	41.72397070624018	0	1.934978389645785	-9.555427846163354	0.3838863979978275	0	0
2026-01-01 13:41:00	30.047643420734808	49.06282891082931	0	5.71754940973803	7.33885820458913	0.3686484686230016	0	0
2026-01-01 13:42:00	22.208650493714185	50.55135993918621	0	-7.838992927020623	1.4885310283569027	0.38628530719202087	0	0
2026-01-01 13:43:00	19.305584079044237	43.702965439219575	0	-2.903066414669947	-6.848394499966638	0.38953456939474085	0	0
2026-01-01 13:44:00	20.030753072381696	47.84483725878313	0	0.7251689933374585	4.141871819563555	0.36976899036790994	0	0
2026-01-01 13:45:00	25.66444293753999	47.32348996766353	0	5.633689865158296	-0.5213472911196035	0.36347877458959	0	0
2026-01-01 13:46:00	25.63077370300001	55.13761356872401	0	-0.03366923453998183	7.81412360106048	0.36193256661262324	0	0
2026-01-01 13:47:00	25.14618302335029	55.44749194286312	0	-0.48459067964972036	0.30987837413911024	0.35747548952280445	0	0
2026-01-01 13:48:00	73.20367645985371	41.072621927981466	1	48.05749343650342	-14.374870014881651	0.662253270486724	1	1
2026-01-01 13:49:00	17.402757549521617	57.686338447327174	0	-55.80091891033209	16.613716519345708	0.6369778365099699	1	0
2026-01-01 13:50:00	26.570315490942136	44.03035404921154	0	9.167557941420519	-13.655984398115635	0.4255871851807817	0	0
2026-01-01 13:51:00	30.028169402159605	51.59462057568415	0	3.4578539112174695	7.564266526472608	0.35557245891963196	0	0
2026-01-01 13:52:00	21.92194207746595	51.53463410952547	0	-8.106227324693656	-0.05998646615867642	0.38880483548152656	0	0
2026-01-01 13:53:00	24.12738379278188	43.650640756708555	0	2.2054417153159314	-7.8839933528169155	0.3719709917759062	0	0
2026-01-01 13:54:00	22.96973664571805	49.58727737405835	0	-1.1576471470638303	5.936636617349798	0.36165516826546956	0	0
2026-01-01 13:55:00	22.50707417257354	47.16492117833881	0	-0.4626624731445119	-2.4223561957195443	0.35725730526846283	0	0
2026-01-01 13:56:00	24.17311778246751	49.79327191729788	0	1.666043609893972	2.628350738959071	0.3506005424364468	0	0
2026-01-01 13:57:00	29.396243436083964	48.47958300203773	0	5.223125653616453	-1.3136889152601512	0.35326679194692434	0	0
2026-01-01 13:58:00	30.58792442542789	52.323240140963655	0	1.1916809893439257	3.843657138925927	0.3430114242563537	0	0
2026-01-01 13:59:00	24.03001728812748	47.82051565420821	0	-6.557907137300411	-4.502724486755447	0.37459537458253644	0	0
2026-01-01 14:00:00	30.71518064219341	46.828503722294755	0	6.685163354065931	-0.9920119319134528	0.36379952590009246	0	0
2026-01-01 14:01:00	81.99262024739836	51.86538704700109	1	51.277439605204954	5.036883324706338	0.6391752053756734	1	1
2026-01-01 14:02:00	80.84650154622332	49.78389204463089	1	-1.146118701175041	-2.081495002370204	0.5175836722950768	0	1
2026-01-01 14:03:00	49.71104636865908	50.37078814689829	0	-31.13545517756424	0.5868961022674029	0.5076808302799583	0	0
2026-01-01 14:04:00	50.346665907427976	44.76646293641534	0	0.6356195387688928	-5.604325210482955	0.4097233241412395	0	0
2026-01-01 14:05:00	51.01256401471338	43.225082583603495	1	0.6658981072854004	-1.5413803528118422	0.4196843785072197	0	1
2026-01-01 14:06:00	59.41544856933321	45.11661860340945	0	8.402884554619831	1.8915360198059545	0.4506304614195239	0	0
2026-01-01 14:07:00	52.39559066640575	44.8856448390183	0	-7.0198579029274555	-0.2309737643911518	0.43027373393499513	0	0
2026-01-01 14:08:00	22.57901376781356	50.49520075344564	0	-29.816576898592192	5.6095559144273395	0.5075101572281779	0	0
2026-01-01 14:09:00	27.57084845167146	51.23586362159815	0	4.991834683857899	0.740662868152512	0.3514265010508916	0	0
2026-01-01 14:10:00	23.541506305278737	46.69298080013628	0	-4.029342146392722	-4.542882821461866	0.36203655392791323	0	0
2026-01-01 14:11:00	23.121004737616435	53.01880371845744	0	-0.42050156766230273	6.325822918321158	0.366553201828033	0	0
2026-01-01 14:12:00	27.279413729526063	52.750682399985386	0	4.158408991909628	-0.2681213184720548	0.35396827459135666	0	0
2026-01-01 14:13:00	24.610324468114325	48.23212951800259	0	-2.669089261411738	-4.518552881982799	0.35319104266452134	0	0
2026-01-01 14:14:00	25.31635789041483	43.95274798726755	0	0.7060334223005071	-4.279381530735037	0.3595690070835501	0	0
2026-01-01 14:15:00	24.486253335399855	53.52365543264415	0	-0.8301045550149766	9.570907445376598	0.37032489018518755	0	0
2026-01-01 14:16:00	25.41782034510884	46.95996607853264	0	0.931567009708985	-6.56368935411151	0.3545347121164927	0	0
2026-01-01 14:17:00	25.646848415357763	47.69063614724856	0	0.2290280702489227	0.7306700687159235	0.348409573191842	0	0
2026-01-01 14:18:00	18.525036832635426	45.80954871294957	0	-7.121811582722337	-1.8810874342989905	0.40769354701893384	0	0
2026-01-01 14:19:00	26.29975037986557	43.5908548818297	0	7.774713547230146	-2.2186938311198716	0.39216870151307587	0	0
2026-01-01 14:20:00	21.31817737699864	41.2575600969836	0	-4.981573002866931	-2.333294784846096	0.3989160324588676	0	0
2026-01-01 14:21:00	19.90165069294943	49.64574734404298	0	-1.4165266840492095	8.388187247059378	0.379049401627217	0	0
2026-01-01 14:22:00	24.017736711314555	43.96288100585882	0	4.116086018365124	-5.682866338184162	0.3703953262045308	0	0
2026-01-01 14:23:00	24.40944635356902	59.31687658780013	0	0.39170964225446525	15.353995581941312	0.41412518737255993	0	0
2026-01-01 14:24:00	22.04162898335843	42.71677940808772	0	-2.3678173702105916	-16.600097179712414	0.41001080395803813	0	0
2026-01-01 14:25:00	26.5799990893681	42.01392185825661	0	4.538370106009673	-0.7028575498311085	0.3817944630788864	0	0
2026-01-01 14:26:00	20.02524663337386	49.06644092869706	0	-6.55475245599424	7.052519070440454	0.39827182982843523	0	0
2026-01-01 14:27:00	22.795922747975737	53.12563091301588	0	2.7706761146018763	4.05918998431882	0.36589415218555243	0	0
2026-01-01 14:28:00	22.22722736368052	47.249283512012646	0	-0.5686953842952178	-5.876347401003237	0.35809048936905075	0	0
2026-01-01 14:29:00	23.807298308553037	49.26249974053462	0	1.5800709448725172	2.0132162285219763	0.35148765318900893	0	0
2026-01-01 14:30:00	24.74897856385451	39.58200318512156	0	0.941680255301474	-9.680496555413065	0.4088137438300559	0	0
2026-01-01 14:31:00	20.854148350784875	44.22886741706069	0	-3.8948302130696355	4.646864231939134	0.3822419205693952	0	0
2026-01-01 14:32:00	26.016233279112107	42.627229706821446	0	5.162084928327232	-1.6016377102392454	0.3804952985080891	0	0
2026-01-01 14:33:00	23.998067611905757	39.32434685365931	0	-2.0181656672063504	-3.3028828531621386	0.4005920667130777	0	0
2026-01-01 14:34:00	18.099014873688077	47.35534775290745	0	-5.89905273821768	8.031000899248141	0.4106928146355046	0	0
2026-01-01 14:35:00	17.86499095696832	37.89907215263797	0	-0.23402391671975664	-9.456275600269478	0.43977349367113877	0	0
2026-01-01 14:36:00	23.66983821071369	41.564614180401016	0	5.804847253745368	3.6655420277630455	0.4013852519135813	0	0
2026-01-01 14:37:00	23.01004476101578	44.68769818113375	0	-0.6597934496979079	3.1230840007327316	0.3688330945723516	0	0
2026-01-01 14:38:00	23.328957456498465	43.49446555480687	0	0.31891269548268397	-1.1932326263268749	0.3661815664802624	0	0
2026-01-01 14:39:00	23.5216626106035	48.38843899892535	0	0.19270515410503464	4.89397344411848	0.3561080456495511	0	0
2026-01-01 14:40:00	24.248803421665148	48.00838271917723	0	0.7271408110616484	-0.38005627974812484	0.3514152976913972	0	0
2026-01-01 14:41:00	26.38170903311526	50.34457508552701	0	2.132905611450113	2.3361923663497848	0.3441648537658427	0	0
2026-01-01 14:42:00	20.17220481394549	49.7622946891998	0	-6.209504219169769	-0.5822803963272136	0.38353542079756014	0	0
2026-01-01 14:43:00	19.956487696670393	51.29945239513191	0	-0.2157171172750978	1.5371577059321098	0.36712212782372755	0	0
2026-01-01 14:44:00	20.15943813643278	46.71203125501125	0	0.20295043976238603	-4.587421140120661	0.36721275451561053	0	0
2026-01-01 14:45:00	24.27329185050543	47.91713852776633	0	4.1138537140726505	1.205107272755086	0.3594428684620978	0	0
2026-01-01 14:46:00	27.10864165378197	48.73295456659808	0	2.8353498032765394	0.8158160388317484	0.34710642397511554	0	0
2026-01-01 14:47:00	22.047165025273124	47.237218459559934	0	-5.061476628508846	-1.495736107038148	0.3684538249085444	0	0
2026-01-01 14:48:00	15.803594403932452	45.06556972853741	0	-6.243570621340671	-2.171648731022522	0.42385428652266005	0	0
2026-01-01 14:49:00	18.1643533378222	45.30839582546758	0	2.3607589338897466	0.2428260969301661	0.38784662972684053	0	0
2026-01-01 14:50:00	20.74498775545537	43.351815368601834	0	2.5806344176331706	-1.956580456865744	0.37933924054802654	0	0
2026-01-01 14:51:00	21.53880588218494	48.29246359197461	0	0.793818126729569	4.940648223372776	0.3626020866418757	0	0
2026-01-01 14:52:00	21.954850517610836	46.21394750334689	0	0.416044635425898	-2.0785160886277225	0.3571866819128856	0	0
2026-01-01 14:53:00	23.263913465679163	43.92139004582114	0	1.309062948068327	-2.2925574575257457	0.3654429028513067	0	0
2026-01-01 14:54:00	22.181215250595123	43.90924784423286	0	-1.08269821508404	-0.01214220158828283	0.36803174644886577	0	0
2026-01-01 14:55:00	26.23288827380753	41.7008398099575	0	4.051673023212405	-2.208408034275358	0.37770802795230457	0	0
2026-01-01 14:56:00	21.02536437836592	50.44207351265381	0	-5.207523895441607	8.741233702696313	0.38700736993108925	0	0
2026-01-01 14:57:00	20.43514152315657	46.82551837891875	0	-0.5902228552093511	-3.616555133735062	0.3654707826538079	0	0
2026-01-01 14:58:00	24.427533972562873	43.04425360020767	0	3.992392449406303	-3.7812647787110834	0.37412263437595916	0	0
2026-01-01 14:59:00	18.35292654566196	49.71411737612823	0	-6.074607426900915	6.669863775920561	0.40325823079178635	0	0
2026-01-01 15:00:00	24.09800730409453	44.22267085488977	0	5.745080758432572	-5.4914465212384584	0.37641650325764037	0	0
2026-01-01 15:01:00	23.205805794945952	40.823070613834645	0	-0.8922015091485775	-3.3996002410551256	0.3823978798297106	0	0
2026-01-01 15:02:00	22.42516803870368	50.51863691110562	0	-0.780637756242271	9.695566297270972	0.37193021452681	0	0
2026-01-01 15:03:00	27.601808887201244	216.86897888766225	1	5.176640848497563	166.35034197655665	0.643853470778068	1	1
2026-01-01 15:04:00	20.939979660729335	44.76770463747159	0	-6.661829226471909	-172.10127425019067	0.5734366678926532	0	0
2026-01-01 15:05:00	28.95725489097468	46.55290027109793	0	8.017275230245346	1.7851956336263441	0.38045174270072174	0	0
2026-01-01 15:06:00	22.069961942192823	50.94348503609902	0	-6.887292948781859	4.390584765001087	0.3856713681318625	0	0
2026-01-01 15:07:00	18.88524096626531	46.438294314053245	0	-3.1847209759275117	-4.505190722045775	0.3776159205943868	0	0
2026-01-01 15:08:00	22.896221726792778	41.54676298732323	0	4.010980760527467	-4.891531326730018	0.3861882103585308	0	0
2026-01-01 15:09:00	19.42803930468684	48.5038954692703	0	-3.4681824221059365	6.95713248194707	0.3832292550814343	0	0
2026-01-01 15:10:00	20.37195908845826	44.37365441890249	0	0.9439197837714204	-4.1302410503678075	0.37311240247600486	0	0
2026-01-01 15:11:00	23.78891862517815	53.8506052486837	0	3.41695953671989	9.47695082978121	0.3771274731907727	0	0
2026-01-01 15:12:00	24.235298011176432	46.27979698462147	0	0.44637938599828075	-7.570808264062229	0.3601354011336331	0	0
2026-01-01 15:13:00	20.67292314862023	37.32957113309684	0	-3.562374862556201	-8.950225851524628	0.43133469186704915	0	0
2026-01-01 15:14:00	25.47265822724918	47.68468128467769	0	4.799735078628949	10.355110151580845	0.3864164601751276	0	0
2026-01-01 15:15:00	25.95412519927363	54.01919213164603	0	0.48146697202444955	6.334510846968342	0.3566380994197257	0	0
2026-01-01 15:16:00	26.761809467462157	52.5301332530677	0	0.8076842681885275	-1.4890588785783265	0.34917176678338413	0	0
2026-01-01 15:17:00	24.01259037753667	53.535992233106015	0	-2.749219089925486	1.0058589800383118	0.3591807458518065	0	0
2026-01-01 15:18:00	26.48622648025679	42.118929430474	0	2.4736361027201177	-11.417062802632017	0.39381062133290284	0	0
2026-01-01 15:19:00	16.725280018252537	49.83244723499448	0	-9.760946462004252	7.713517804520485	0.44577744083341936	0	0
2026-01-01 15:20:00	21.38583592292483	43.28179962545827	0	4.660555904672293	-6.550647609536213	0.39325319475605036	0	0
2026-01-01 15:21:00	19.710565910295124	47.0529484373004	0	-1.6752700126297064	3.7711488118421315	0.3707655661944279	0	0
2026-01-01 15:22:00	22.641431749504974	41.050067368102475	0	2.9308658392098508	-6.002881069197926	0.38590697642861393	0	0
2026-01-01 15:23:00	20.54172590158793	43.55021372005821	0	-2.0997058479170434	2.5001463519557348	0.3802394479070473	0	0
2026-01-01 15:24:00	21.730066859581093	43.40928340326069	0	1.1883409579931623	-0.14093031679752244	0.3733774851466399	0	0
2026-01-01 15:25:00	27.847679809683328	49.69479870510606	0	6.1176129501022345	6.285515301845372	0.367279532425091	0	0
2026-01-01 15:26:00	21.66475904221473	49.28983570241655	0	-6.182920767468598	-0.4049630026895059	0.37697308594783685	0	0
2026-01-01 15:27:00	23.38820764276319	47.18069426291956	0	1.723448600548462	-2.1091414394969945	0.35467880820740477	0	0
2026-01-01 15:28:00	21.42308447416007	40.65826055974485	0	-1.965123168603121	-6.5224337031747055	0.3941124169115866	0	0
2026-01-01 15:29:00	22.32024412643207	44.7999943954819	0	0.8971596522719985	4.14173383573705	0.37114235317438576	0	0
2026-01-01 15:30:00	22.084516638395865	43.04876736677292	0	-0.23572748803620414	-1.751227028708982	0.3712907809516372	0	0
2026-01-01 15:31:00	23.384952172573257	49.49869301410485	0	1.3004355341773923	6.449925647331931	0.3622964047381118	0	0
2026-01-01 15:32:00	25.509567506168604	50.71956186103227	0	2.1246153335953473	1.2208688469274165	0.3455623726075885	0	0
2026-01-01 15:33:00	26.929643865899383	50.219273280668226	0	1.4200763597307784	-0.5002885803640424	0.3440767566716875	0	0
2026-01-01 15:34:00	22.89029163955533	42.95983801924584	0	-4.039352226344054	-7.259435261422389	0.3817193475783162	0	0
2026-01-01 15:35:00	23.70419461543198	35.009644489504666	0	0.8139029758766512	-7.9501935297411706	0.43064844909548866	0	0
2026-01-01 15:36:00	18.457236528693823	38.88706743560505	0	-5.246958086738157	3.8774229461003813	0.44258819062952887	0	0
2026-01-01 15:37:00	21.62062995310302	51.62863800250378	0	3.163393424409197	12.74157056689873	0.3957272263436822	0	0
2026-01-01 15:38:00	24.67971321108758	44.32440265093911	0	3.059083257984561	-7.304235351564664	0.36866364076766345	0	0
2026-01-01 15:39:00	24.431490363634673	42.913893751131155	0	-0.248222847452908	-1.410508899807958	0.367812470088176	0	0
2026-01-01 15:40:00	22.44330875549523	52.47488095229998	0	-1.988181608139442	9.560987201168828	0.3768492397912505	0	0
2026-01-01 15:41:00	24.442712499282223	50.95240509224249	0	1.999403743786992	-1.5224758600574901	0.3515047983993029	0	0
2026-01-01 15:42:00	23.231038240761297	45.97716394456907	0	-1.211674258520926	-4.975241147673422	0.3599399086774734	0	0
2026-01-01 15:43:00	25.33502128350608	246.85912016238473	1	2.103983042744783	200.88195621781566	0.6678902725031929	1	1
2026-01-01 15:44:00	22.577701745320923	229.9665665384612	1	-2.7573195381851576	-16.892553623923533	0.5860761826715942	0	1
2026-01-01 15:45:00	20.61820893026145	46.751303132037144	0	-1.9594928150594733	-183.21526340642404	0.5516070850782457	0	0
2026-01-01 15:46:00	22.66866555012739	52.23076001494259	0	2.0504566198659404	5.4794568829054455	0.36180437991731135	0	0
2026-01-01 15:47:00	12.845355313964085	47.50843891771011	0	-9.823310236163305	-4.722321097232481	0.4657488565299519	0	0
2026-01-01 15:48:00	22.76195152970091	48.71076329242945	0	9.916596215736824	1.202324374719339	0.4004397426268059	0	0
2026-01-01 15:49:00	10.644371394711728	50.47188537145872	0	-12.117580134989181	1.7611220790292705	0.4790450638694387	0	0
2026-01-01 15:50:00	16.39569531965489	41.1043387668379	0	5.751323924943163	-9.36754660462082	0.44835984055564254	0	0
2026-01-01 15:51:00	22.89802758578322	48.79080846137631	0	6.502332266128327	7.68646969453841	0.38895333655414777	0	0
2026-01-01 15:52:00	22.95210705023613	44.58148450057143	0	0.05407946445291145	-4.2093239608048805	0.36171787896803315	0	0
2026-01-01 15:53:00	18.009191409624577	35.68385809193113	0	-4.942915640611552	-8.8976264086403	0.45966581453018374	0	0
2026-01-01 15:54:00	19.33729223082226	37.22412101028629	0	1.3281008211976832	1.540262918355161	0.437384702288938	0	0
2026-01-01 15:55:00	25.56250425911293	41.65297020056052	0	6.22521202829067	4.428849190274228	0.3972146109847387	0	0
2026-01-01 15:56:00	19.97623659826085	47.83905641085977	0	-5.58626766085208	6.186086210299251	0.3903945172199843	0	0
2026-01-01 15:57:00	28.134696822194428	46.15816620385392	0	8.158460223933577	-1.6808902070058451	0.38103435373685884	0	0
2026-01-01 15:58:00	21.3779488360557	46.42932102649503	0	-6.756747986138727	0.27115482264110824	0.38837556188339206	0	0
2026-01-01 15:59:00	22.585753478599845	53.4845964047248	0	1.2078046425441435	7.055275378229766	0.3702176259996599	0	0
2026-01-01 16:00:00	26.19036915765144	40.59351452163856	0	3.6046156790515944	-12.891081883086237	0.4078124182661495	0	0
2026-01-01 16:01:00	21.711093203688836	45.54927251081939	0	-4.479275953962603	4.955757989180832	0.3744670313329447	0	0
2026-01-01 16:02:00	18.289411098528603	46.86596361155576	0	-3.421682105160233	1.3166911007363709	0.3813014483469442	0	0
2026-01-01 16:03:00	20.94585757418916	42.69242749848267	0	2.6564464756605553	-4.173536113073091	0.38481452790498505	0	0
2026-01-01 16:04:00	21.14697072003577	45.74020844463478	0	0.20111314584661244	3.047780946152109	0.371223414252622	0	0
2026-01-01 16:05:00	17.13850748632023	39.216568885125085	0	-4.008463233715542	-6.5236395595096965	0.4398334497419358	0	0
2026-01-01 16:06:00	20.44433265935788	51.24553930579028	0	3.3058251730376504	12.028970420665196	0.4006449912543109	0	0
2026-01-01 16:07:00	18.96451633595384	42.869088098851336	0	-1.479816323404041	-8.376451206938945	0.39739882867111415	0	0
2026-01-01 16:08:00	23.943597342973035	53.710862694819376	0	4.979081007019197	10.84177459596804	0.39079113986234926	0	0
2026-01-01 16:09:00	21.253959247925348	45.44516451701497	0	-2.6896380950476875	-8.265698177804403	0.3783622091351594	0	0
2026-01-01 16:10:00	20.28150442077508	384.072472258961	1	-0.9724548271502691	338.627307741946	0.7476605864216147	1	1
2026-01-01 16:11:00	20.79128279327491	45.3417028166067	0	0.5097783724998308	-338.7307694423543	0.624032720791707	1	0
2026-01-01 16:12:00	21.759300813334814	45.42199205001605	0	0.9680180200599047	0.08028923340935279	0.3651508003448405	0	0
2026-01-01 16:13:00	22.92065316495797	43.198987950056285	0	1.1613523516231545	-2.2230040999597662	0.3697484956437619	0	0
2026-01-01 16:14:00	18.05151969797161	46.00182390945499	0	-4.869133466986359	2.8028359593987062	0.39163724870477057	0	0
2026-01-01 16:15:00	17.9065096868093	46.78763106999275	0	-0.14501001116230938	0.7858071605377575	0.3787575446333216	0	0
2026-01-01 16:16:00	24.326097183215925	42.368995732843445	0	6.419587496406624	-4.418635337149304	0.38893418808112296	0	0
2026-01-01 16:17:00	19.756006990159932	44.99633113994752	0	-4.570090193055993	2.627335407104077	0.38257029188318525	0	0
2026-01-01 16:18:00	16.723620878710772	43.04667811402224	0	-3.03238611144916	-1.9496530259252793	0.40992451455361606	0	0
2026-01-01 16:19:00	22.286886673605636	54.67638055118751	0	5.563265794894864	11.629702437165271	0.4073795853505165	0	0
2026-01-01 16:20:00	22.32703154773156	206.0961818249299	1	0.040144874125925156	151.41980127374237	0.6243057008852465	1	1
2026-01-01 16:21:00	16.326422489979066	51.64021273766083	0	-6.000609057752495	-154.45596908726907	0.5707364877923228	0	0
2026-01-01 16:22:00	21.58883243762539	44.66770432238653	0	5.262409947646322	-6.972508415274305	0.3889731521404442	0	0
2026-01-01 16:23:00	23.08912884151423	46.478340348254186	0	1.5002964038888429	1.8106360258676588	0.3584502134051302	0	0
2026-01-01 16:24:00	21.98770477869278	40.14681642520591	0	-1.1014240628214509	-6.331523923048273	0.39601902739148187	0	0
2026-01-01 16:25:00	22.74282966008972	43.635152236931305	0	0.755124881396938	3.488335811725392	0.3762156561524833	0	0
2026-01-01 16:26:00	16.61659196187651	46.25683831123137	0	-6.12623769821321	2.621686074300065	0.41343003659436867	0	0
2026-01-01 16:27:00	21.8052083634996	51.75005927309497	0	5.18861640162309	5.493220961863599	0.37444697369674135	0	0
2026-01-01 16:28:00	19.88709218706426	46.28540684344288	0	-1.9181161764353405	-5.464652429652091	0.3714237085783867	0	0
2026-01-01 16:29:00	19.32961980712155	50.92387658641974	0	-0.557472379942709	4.638469742976859	0.37375124511084895	0	0
2026-01-01 16:30:00	23.37287150314631	47.943518778255246	0	4.043251696024761	-2.9803578081644915	0.36181100991594367	0	0
2026-01-01 16:31:00	25.182418491847027	51.88190283777091	0	1.809546988700717	3.9383840595156627	0.34942094094943693	0	0
2026-01-01 16:32:00	26.111271618133205	45.12791185794584	0	0.9288531262861781	-6.753990979825069	0.35885010515639776	0	0
2026-01-01 16:33:00	24.65632808579847	54.916843078247595	0	-1.4549435323347346	9.788931220301755	0.3746093028194477	0	0
2026-01-01 16:34:00	20.3666217752892	43.406327348433386	0	-4.2897063105092705	-11.510515729814209	0.4071354246829891	0	0
2026-01-01 16:35:00	21.738081796251045	42.27411331679533	0	1.3714600209618446	-1.132214031638057	0.37834025230254514	0	0
2026-01-01 16:36:00	22.964664350380716	40.491886468757855	0	1.2265825541296707	-1.7822268480374746	0.3860288817902486	0	0
2026-01-01 16:37:00	21.012181751038263	54.64842263780223	0	-1.9524825993424528	14.156536169044372	0.4026694603398808	0	0
2026-01-01 16:38:00	21.025570671250655	48.5944293442296	0	0.013388920212392463	-6.053993293572624	0.36645142656087304	0	0
2026-01-01 16:39:00	89.75164676876287	43.97256038686635	1	68.72607609751222	-4.6218689573632545	0.6783238121117255	1	1
2026-01-01 16:40:00	45.589092661232904	50.29762768356444	0	-44.162554107529964	6.325067296698094	0.557652716906689	0	0
2026-01-01 16:41:00	43.56424584548509	48.04488866418928	1	-2.0248468157478143	-2.252739019375163	0.3647009901805741	0	1
2026-01-01 16:42:00	44.494032698740426	53.15130243004147	0	0.9297868532553366	5.106413765852189	0.3591133095242841	0	0
2026-01-01 16:43:00	47.62470773644317	39.08822356707644	0	3.130675037702744	-14.063078862965028	0.47994404046521894	0	0
2026-01-01 16:44:00	20.553794117606696	44.2109666887464	0	-27.070913618836475	5.122743121669963	0.5180271898843791	0	0
2026-01-01 16:45:00	21.55132863565396	43.415263816753175	0	0.9975345180472637	-0.7957028719932282	0.374507926046573	0	0
2026-01-01 16:46:00	22.527001174544576	37.36365101833459	0	0.9756725388906169	-6.0516127984185815	0.41780032116289806	0	0
2026-01-01 16:47:00	19.378484349288403	49.492813188109395	0	-3.1485168252561735	12.129162169774801	0.3986444699634075	0	0
2026-01-01 16:48:00	22.75817932793788	44.1631311953108	0	3.3796949786494785	-5.329681992798598	0.369922515967229	0	0
2026-01-01 16:49:00	61.67379191122426	48.196545821729856	1	38.915612583286375	4.033414626419059	0.5523429048099251	0	1
2026-01-01 16:50:00	16.758391231783296	208.4132884106122	1	-44.915400679440964	160.21674258888237	0.7383334419247626	1	1
2026-01-01 16:51:00	24.776714928986863	43.81192551040364	0	8.018323697203567	-164.60136290020858	0.5552141507897962	0	0
2026-01-01 16:52:00	18.934718209098897	43.533864289556206	0	-5.841996719887966	-0.2780612208474338	0.40502974619728127	0	0
2026-01-01 16:53:00	15.4590003623963	45.68679987487191	0	-3.4757178467025973	2.152935585315703	0.41127128961608056	0	0
2026-01-01 16:54:00	17.276671522559162	49.15489073759267	0	1.8176711601628632	3.4680908627207643	0.39166365340347514	0	0
2026-01-01 16:55:00	17.336365974105746	42.932898626829754	0	0.05969445154658359	-6.221992110762919	0.4028053987668811	0	0
2026-01-01 16:56:00	20.543902996589413	42.66984513177988	0	3.207537022483667	-0.2630534950498742	0.38723494288671056	0	0
2026-01-01 16:57:00	19.553896118824817	223.4959371821089	1	-0.9900068777645963	180.826092050329	0.6602199328553113	1	1
2026-01-01 16:58:00	19.353199564991993	46.69640502930903	0	-0.2006965538328238	-176.79953215279986	0.5455634604514513	0	0
2026-01-01 16:59:00	22.211232658159304	302.36447778095146	1	2.858033093167311	255.66807275164243	0.6982092291041615	1	1
2026-01-01 17:00:00	21.36036782068743	40.268803670678224	0	-0.8508648374718746	-262.09567411027325	0.6006438367873872	0	0
2026-01-01 17:01:00	21.27768422279343	51.16971376073912	0	-0.08268359789400037	10.900910090060897	0.38438839141642234	0	0
2026-01-01 17:02:00	21.548008968205004	46.76697493042471	0	0.2703247454115747	-4.402738830314412	0.36060700103210036	0	0
2026-01-01 17:03:00	22.15609490693917	42.10506172731723	0	0.6080859387341668	-4.661913203107481	0.3756987614502982	0	0
2026-01-01 17:04:00	13.973182711907704	44.46688273968009	0	-8.182912195031466	2.36182101236286	0.4540598656926239	0	0
2026-01-01 17:05:00	19.193264545074005	45.196236342140374	0	5.220081833166301	0.7293536024602858	0.3943506758177822	0	0
2026-01-01 17:06:00	13.735670602554814	48.08108383913227	0	-5.457593942519191	2.8848474969918954	0.4266976209000632	0	0
2026-01-01 17:07:00	20.3743871957889	39.70005012826259	0	6.638716593234085	-8.38103371086968	0.4415929112189479	0	0
2026-01-01 17:08:00	20.242400435474615	41.76435312139199	0	-0.1319867603142839	2.0643029931294024	0.38767874461849133	0	0
2026-01-01 17:09:00	23.383173619283912	46.21511141691099	0	3.140773183809298	4.450758295519002	0.3658697862659027	0	0
2026-01-01 17:10:00	23.79994310696403	44.71918164241853	0	0.4167694876801171	-1.4959297744924598	0.35930839285175986	0	0
2026-01-01 17:11:00	20.836014080130315	47.40128119823344	0	-2.963929026833714	2.682099555814908	0.3663753335958446	0	0
2026-01-01 17:12:00	18.717440760471245	40.19123240689258	0	-2.1185733196590704	-7.21004879134086	0.41741924124923235	0	0
2026-01-01 17:13:00	21.665028612791374	46.53328734266237	0	2.9475878523201295	6.342054935769788	0.375297339912017	0	0
2026-01-01 17:14:00	18.61700004181877	49.46671095440574	0	-3.0480285709726047	2.933423611743372	0.3795323280621618	0	0
2026-01-01 17:15:00	20.187969241637653	47.04334778658098	0	1.570969199818883	-2.4233631678247605	0.3679596579490377	0	0
2026-01-01 17:16:00	23.142137116405664	45.64831104180805	0	2.954167874768011	-1.3950367447729306	0.3615626543890102	0	0
2026-01-01 17:17:00	18.50218198477663	44.70421360110857	0	-4.6399551316290335	-0.9440974406994798	0.3900343467734619	0	0
2026-01-01 17:18:00	22.58448684208796	41.744320851094216	0	4.082304857311328	-2.9598927500143546	0.3848710222734964	0	0
2026-01-01 17:19:00	22.191797129614	44.791802142009395	0	-0.3926897124739597	3.0474812909151794	0.3676552009699469	0	0
2026-01-01 17:20:00	17.287547018485455	50.114784646460585	0	-4.904250111128544	5.32298250445119	0.39554013433291507	0	0
2026-01-01 17:21:00	23.066121794071428	44.59610567830911	0	5.778574775585973	-5.518678968151477	0.37954475045984515	0	0
2026-01-01 17:22:00	22.2328430207422	41.5093560349202	0	-0.8332787733292264	-3.086749643388906	0.38037896182770414	0	0
2026-01-01 17:23:00	20.435813996515652	43.096029812137296	0	-1.7970290242265499	1.5866737772170936	0.38027719958679757	0	0
2026-01-01 17:24:00	17.83614621996567	45.86495948612803	0	-2.599667776549982	2.7689296739907334	0.3846961376843053	0	0
2026-01-01 17:25:00	17.538766839595684	43.56413645893781	0	-0.29737938036998557	-2.3008230271902192	0.39308106704559775	0	0
2026-01-01 17:26:00	18.49685363567176	46.99613381544298	0	0.9580867960760742	3.431997356505171	0.3829327138779002	0	0
2026-01-01 17:27:00	21.731269521679177	47.14311810889777	0	3.234415886007419	0.1469842934547856	0.3654334211031579	0	0
2026-01-01 17:28:00	17.230443810380102	48.604592377910734	0	-4.5008257112990755	1.4614742690129674	0.3905228528882431	0	0
2026-01-01 17:29:00	21.403877771990786	50.73990840212572	0	4.173433961610684	2.135316024214987	0.3720966666521621	0	0
2026-01-01 17:30:00	16.36028479962672	49.026210590620394	0	-5.043592972364067	-1.7136978115053267	0.402757817811288	0	0
2026-01-01 17:31:00	19.467744749886304	41.30301899500959	0	3.107459950259585	-7.723191595610807	0.4072668450488645	0	0
2026-01-01 17:32:00	20.403481747308803	41.4231314554883	0	0.9357369974224987	0.12011246047871538	0.3900636046036838	0	0
2026-01-01 17:33:00	62.364367003827	44.731571809386075	0	41.960885256518196	3.3084403538977725	0.5709079785728426	0	0
2026-01-01 17:34:00	50.89199561487254	43.227439292659405	0	-11.472371388954457	-1.5041325167266706	0.4621235492255401	0	0
2026-01-01 17:35:00	59.43514145544672	40.47641140104464	1	8.543145840574176	-2.7510278916147612	0.49131352352428764	0	1
2026-01-01 17:36:00	55.46396942647862	43.26062334646665	0	-3.9711720289680983	2.7842119454220082	0.44482022851693986	0	0
2026-01-01 17:37:00	56.24349170973829	43.12710567426929	0	0.7795222832596664	-0.13351767219736388	0.43484582248076237	0	0
2026-01-01 17:38:00	20.401081756492825	42.33562804911928	0	-35.842409953245465	-0.7914776251500086	0.5467753593416297	0	0
2026-01-01 17:39:00	21.37613117883908	43.75781741750667	0	0.975049422346256	1.422189368387393	0.3754666699169288	0	0
2026-01-01 17:40:00	19.576997705996497	49.732829910814594	0	-1.799133472842584	5.975012493307922	0.3740888746651075	0	0
2026-01-01 17:41:00	24.39649551939476	45.81412465250815	0	4.819497813398264	-3.9187052583064457	0.3665962674069282	0	0
2026-01-01 17:42:00	18.661413229994555	54.90264963555624	0	-5.735082289400207	9.088524983048089	0.4188897209261622	0	0
2026-01-01 17:43:00	23.424201865542887	45.69578181858117	0	4.762788635548333	-9.20686781697507	0.3801123518224366	0	0
2026-01-01 17:44:00	18.09125813676269	43.85191665295187	0	-5.332943728780197	-1.8438651656292961	0.4016902895309503	0	0
2026-01-01 17:45:00	19.840655228410103	45.027236914426446	0	1.7493970916474133	1.1753202614745746	0.37678708530807037	0	0
2026-01-01 17:46:00	16.80276435891067	46.035293921664824	0	-3.0378908694994315	1.0080570072383779	0.39811049060344417	0	0
2026-01-01 17:47:00	21.381154455469073	46.74905747589751	0	4.578390096558401	0.7137635542326848	0.37478025084612593	0	0
2026-01-01 17:48:00	24.349082523233864	53.313697629663224	0	2.9679280677647917	6.5646401537657155	0.3650767899163384	0	0
2026-01-01 17:49:00	19.77944759568793	41.62447620766497	0	-4.569634927545934	-11.689221421998255	0.41712198214053087	0	0
2026-01-01 17:50:00	19.418860688069692	48.440943124801656	0	-0.360586907618238	6.816466917136687	0.3794123936453612	0	0
2026-01-01 17:51:00	16.66385874838899	45.83485720925288	0	-2.755001939680703	-2.606085915548775	0.39716934707939144	0	0
2026-01-01 17:52:00	63.64599994281161	38.71865489462205	1	46.982141194422624	-7.116202314630833	0.6259811688342144	1	1
2026-01-01 17:53:00	15.226281312468288	202.81892909237115	1	-48.419718630343326	164.10027419774912	0.7405660432782534	1	1
2026-01-01 17:54:00	17.26479279008795	50.072207618337835	0	2.038511477619661	-152.7467214740333	0.5485892332316594	0	0
2026-01-01 17:55:00	20.682737867528317	41.572484249490735	0	3.4179450774403684	-8.4997233688471	0.39815851609979064	0	0
2026-01-01 17:56:00	23.958562641660276	44.96502605265016	0	3.2758247741319586	3.3925418031594248	0.36736984091100544	0	0
2026-01-01 17:57:00	28.42848930794844	38.09901131409915	0	4.469926666288163	-6.866014738551009	0.4193406799578881	0	0
2026-01-01 17:58:00	18.240625514145584	39.9649645459418	0	-10.187863793802855	1.8659532318426457	0.46821410851687456	0	0
2026-01-01 17:59:00	24.305995662728975	49.19216590686534	0	6.065370148583391	9.227201360923544	0.38386142930014405	0	0
2026-01-01 18:00:00	20.731257441204946	43.134333975970264	0	-3.5747382215240293	-6.057831930895077	0.38360290335500236	0	0
2026-01-01 18:01:00	19.54635225255353	40.564835696644174	0	-1.1849051886514168	-2.5694982793260905	0.3963575694718157	0	0
2026-01-01 18:02:00	21.298164124536743	45.91803184251286	0	1.7518118719832145	5.3531961458686865	0.3739467092961856	0	0
2026-01-01 18:03:00	20.186606175299808	42.91077863640587	0	-1.1115579492369356	-3.007253206106988	0.3818340226663482	0	0
2026-01-01 18:04:00	20.332710225272745	43.1174748931159	0	0.14610404997293713	0.20669625671002478	0.3778744547659666	0	0
2026-01-01 18:05:00	18.777380240720905	47.95849396730007	0	-1.5553299845518396	4.8410190741841745	0.37694161977333107	0	0
2026-01-01 18:06:00	15.809097770847876	40.35477993938483	0	-2.9682824698730297	-7.603714027915245	0.43886384236254683	0	0
2026-01-01 18:07:00	15.373788484066624	41.38087119508911	0	-0.43530928678125136	1.02609125570428	0.42881615651661537	0	0
2026-01-01 18:08:00	21.965826379652725	45.6193658335	0	6.592037895586101	4.2384946384108915	0.3879920646447451	0	0
2026-01-01 18:09:00	19.17760936733563	48.881493981789205	0	-2.7882170123170944	3.2621281482892073	0.37518252433532817	0	0
2026-01-01 18:10:00	18.221251085212923	49.957400098050115	0	-0.9563582821227072	1.07590611626091	0.37567676112874027	0	0
2026-01-01 18:11:00	20.037033015319956	42.34551118612875	0	1.8157819301070326	-7.611888911921362	0.39387426905718986	0	0
2026-01-01 18:12:00	22.398501411201146	48.75636019390572	0	2.3614683958811895	6.410849007776967	0.36887049430448743	0	0
2026-01-01 18:13:00	20.557175123505708	41.87147247333162	0	-1.8413262876954377	-6.884887720574099	0.38963661328475546	0	0
2026-01-01 18:14:00	18.050487205858424	52.314163395517866	0	-2.506687917647284	10.442690922186245	0.4035621532889723	0	0
2026-01-01 18:15:00	23.700289634560814	40.47562128212807	0	5.64980242870239	-11.8385421133898	0.41981776930080145	0	0
2026-01-01 18:16:00	24.761916006346652	50.326094991867805	0	1.061626371785838	9.850473709739738	0.36729896731832534	0	0
2026-01-01 18:17:00	21.511168114973703	42.387804647227675	0	-3.2507478913729493	-7.93829034464013	0.3866241374377267	0	0
2026-01-01 18:18:00	22.95181719670099	53.06839915051276	0	1.4406490817272868	10.680594503285086	0.38120887531932	0	0
2026-01-01 18:19:00	23.76022496546382	47.38245540292112	0	0.8084077687628302	-5.685943747591644	0.3553170056408073	0	0
2026-01-01 18:20:00	23.428350968296087	40.95496039190838	0	-0.33187399716773314	-6.427495011012738	0.3823724247445424	0	0
2026-01-01 18:21:00	43.76862393886607	42.932021443956664	0	20.340272970569984	1.9770610520482848	0.4751343695696388	0	0
2026-01-01 18:22:00	43.72545484082768	48.147743829059074	0	-0.04316909803839053	5.21572238510241	0.36883668807637143	0	0
2026-01-01 18:23:00	43.49367222080521	49.235735079207686	1	-0.23178262002247152	1.0879912501486118	0.3565067775676673	0	1
2026-01-01 18:24:00	38.64714370595095	44.74452815626078	0	-4.846528514854256	-4.491206922946908	0.3713298073751484	0	0
2026-01-01 18:25:00	44.04598177163038	45.20835143274227	0	5.398838065679428	0.4638232764814916	0.38464544143965546	0	0
2026-01-01 18:26:00	15.99683952985446	48.06555285219332	0	-28.049142241775918	2.8572014194510515	0.5359273249083978	0	0
2026-01-01 18:27:00	17.685517065075572	45.56185142326865	0	1.688677535221112	-2.5037014289246713	0.3872203670848917	0	0
2026-01-01 18:28:00	23.98523368701104	39.86324980443989	0	6.299716621935467	-5.698601618828761	0.4127003393833031	0	0
2026-01-01 18:29:00	22.600610991285443	41.788079153040705	0	-1.3846226957255965	1.9248293486008166	0.3810348333827603	0	0
2026-01-01 18:30:00	24.547746255319485	45.98325546573761	0	1.947135264034042	4.195176312696901	0.36103616662193944	0	0
2026-01-01 18:31:00	19.2763178750693	49.90760017905636	0	-5.271428380250185	3.924344713318753	0.3842764390264498	0	0
2026-01-01 18:32:00	16.640572788753992	51.51258935294034	0	-2.635745086315307	1.604989173883979	0.39639446331119954	0	0
2026-01-01 18:33:00	19.38217454059227	48.169860748987446	0	2.741601751838278	-3.3427286039528923	0.37588414328341657	0	0
2026-01-01 18:34:00	20.415935258102554	46.20408372733587	0	1.0337607175102832	-1.9657770216515758	0.3664984985344336	0	0
2026-01-01 18:35:00	20.353351044342425	48.053447991591106	0	-0.0625842137601289	1.849364264255236	0.36370161973355386	0	0
2026-01-01 18:36:00	23.524158030318727	42.39455489619689	0	3.170806985976302	-5.65889309539422	0.3758174580347715	0	0
2026-01-01 18:37:00	19.046225059387343	44.452094326165984	0	-4.477932970931384	2.057539429969097	0.390525041993015	0	0
2026-01-01 18:38:00	21.19324740003646	41.77204910695593	0	2.147022340649116	-2.680045219210051	0.3845999890143711	0	0
2026-01-01 18:39:00	17.178557961115402	40.07724926187876	0	-4.014689438921057	-1.6947998450771706	0.4273155135555123	0	0
2026-01-01 18:40:00	21.502874304009357	46.41015728148378	0	4.324316342893955	6.332908019605014	0.38469791890797334	0	0
2026-01-01 18:41:00	20.168918674094	45.82184973810752	0	-1.333955629915355	-0.5883075433762599	0.3683179881981935	0	0
2026-01-01 18:42:00	17.9180109095069	47.834335400216276	0	-2.250907764587101	2.012485662108759	0.3800178164314	0	0
2026-01-01 18:43:00	19.468007936220346	47.272195334942246	0	1.549997026713445	-0.5621400652740292	0.37257049575100226	0	0
2026-01-01 18:44:00	19.631200925977694	46.06244116805713	0	0.16319298975734853	-1.2097541668851193	0.36821832587810177	0	0
2026-01-01 18:45:00	19.381681807956408	47.32254026069406	0	-0.24951911802128635	1.2600990926369349	0.3700626006147812	0	0
2026-01-01 18:46:00	66.01373105472777	44.92964409198595	1	46.63204924677136	-2.3928961687081127	0.5883828942637687	0	1
2026-01-01 18:47:00	19.914207268230523	46.75633821846668	0	-46.099523786497244	1.8266941264807315	0.5667052112562492	0	0
2026-01-01 18:48:00	19.48683566212993	288.96715185637237	1	-0.42737160610059277	242.2108136379057	0.6923953429035656	1	1
2026-01-01 18:49:00	13.935336062542788	46.59266817024312	0	-5.551499599587142	-242.37448368612925	0.6204449805817797	0	0
2026-01-01 18:50:00	17.554417872862235	47.79219070554437	0	3.6190818103194466	1.1995225353012486	0.3935238025100792	0	0
2026-01-01 18:51:00	19.457356521545815	42.44456268516863	0	1.9029386486835804	-5.347628020375744	0.3915314093274763	0	0
2026-01-01 18:52:00	18.19874132361772	45.33547807204521	0	-1.2586151979280942	2.8909153868765856	0.3858615877479165	0	0
2026-01-01 18:53:00	24.411330195528905	42.63869366918032	0	6.2125888719111835	-2.6967844028648926	0.387864250457131	0	0
2026-01-01 18:54:00	19.781487469834577	43.03212361194715	0	-4.629842725694328	0.3934299427668293	0.3918117058718592	0	0
2026-01-01 18:55:00	24.15191204982214	40.64357223052508	0	4.370424579987564	-2.3885513814220687	0.39152931788421835	0	0
2026-01-01 18:56:00	20.48215663939114	50.21162106928624	0	-3.6697554104310015	9.568048838761158	0.3813767473130999	0	0
2026-01-01 18:57:00	71.03450245091858	49.41658615034642	1	50.552345811527445	-0.7950349189398196	0.5960404346292337	0	1
2026-01-01 18:58:00	20.05213425308142	47.30899721501881	0	-50.98236819783716	-2.1075889353276054	0.5805012662253435	0	0
2026-01-01 18:59:00	20.340929365724943	53.053554113205536	0	0.2887951126435233	5.7445568981867225	0.37502860082615097	0	0
2026-01-01 19:00:00	25.497126746258896	44.41338808228109	0	5.156197380533953	-8.640166030924448	0.37626285482879523	0	0
2026-01-01 19:01:00	13.393294581458218	57.303113041298474	0	-12.103832164800679	12.889724959017386	0.5201722128181917	0	0
2026-01-01 19:02:00	14.359058234597736	44.271730072504006	0	0.9657636531395184	-13.031382968794468	0.44752400365473616	0	0
2026-01-01 19:03:00	18.74593514229519	46.20849722475583	0	4.386876907697452	1.936767152251825	0.39051063633300864	0	0
2026-01-01 19:04:00	20.430966686429517	43.60257986454757	0	1.685031544134329	-2.6059173602082595	0.37733482198264623	0	0
2026-01-01 19:05:00	22.46981473043275	46.68905296831158	0	2.038848044003231	3.086473103764007	0.36224652741225327	0	0
2026-01-01 19:06:00	21.831064245400498	48.54836103720401	0	-0.6387504850322507	1.8593080688924317	0.3566409449852036	0	0
2026-01-01 19:07:00	19.271548653310145	364.8477892200253	1	-2.559515592090353	316.29942818282126	0.7424807109577946	1	1
2026-01-01 19:08:00	23.494083520094932	52.32535560865531	0	4.2225348667847875	-312.52243361137	0.6209847068268133	0	0
2026-01-01 19:09:00	23.54038676488633	46.181497416247915	0	0.046303244791396025	-6.143858192407393	0.35861579865536397	0	0
2026-01-01 19:10:00	21.015003986332427	46.31335679069966	0	-2.525382778553901	0.1318593744517429	0.3662336784049254	0	0
2026-01-01 19:11:00	23.36401472102774	41.60203022372874	0	2.3490107346953124	-4.711326566970918	0.376375552405031	0	0
2026-01-01 19:12:00	21.30737062734485	46.91871371672577	0	-2.056644093682891	5.316683492997029	0.36892865004790804	0	0
2026-01-01 19:13:00	18.81855965763258	44.71539548575315	0	-2.4888109697122687	-2.20331823097262	0.3799135613991495	0	0
2026-01-01 19:14:00	22.610213964938023	42.825422806619855	0	3.7916543073054427	-1.8899726791332938	0.38015825042189755	0	0
2026-01-01 19:15:00	20.862538072784975	42.15945171993102	0	-1.7476758921530475	-0.6659710866888346	0.3816937253681905	0	0
2026-01-01 19:16:00	20.54883378427029	55.959460641030155	0	-0.31370428851468546	13.800008921099135	0.4049943861287425	0	0
2026-01-01 19:17:00	24.97797051264088	44.225645897319936	0	4.42913672837059	-11.73381474371022	0.38478442344693614	0	0
2026-01-01 19:18:00	13.220968703457956	39.45885086141404	0	-11.757001809182924	-4.7667950359058935	0.5150196361148215	0	0
2026-01-01 19:19:00	16.33518733695758	42.50123408478786	0	3.1142186334996254	3.042383223373818	0.42523077308947344	0	0
2026-01-01 19:20:00	17.041862513017804	45.095265538165606	0	0.706675176060223	2.5940314533777453	0.39830564809379954	0	0
2026-01-01 19:21:00	19.528304698068737	47.49571145085352	0	2.486442185050933	2.400445912687914	0.3753881659093655	0	0
2026-01-01 19:22:00	19.869453598217937	47.53582514065926	0	0.3411489001492001	0.040113689805743036	0.36772049691334435	0	0
2026-01-01 19:23:00	16.12667095982074	48.03078215867604	0	-3.7427826383971983	0.49495701801677683	0.3999451699129336	0	0
2026-01-01 19:24:00	17.7087216380955	42.752656640964666	0	1.5820506782747614	-5.2781255177113735	0.40092861446175365	0	0
2026-01-01 19:25:00	18.097396271601305	289.8707882066264	1	0.3886746335058042	247.11813156566174	0.69512789184892	1	1
2026-01-01 19:26:00	28.06809659640743	41.84367430364756	0	9.970700324806124	-248.02711390297884	0.6107082273585179	0	0
2026-01-01 19:27:00	26.1171303145222	42.87738030358433	0	-1.9509662818852291	1.033705999936771	0.36876849202513695	0	0
2026-01-01 19:28:00	19.492913201278174	41.693244829165025	0	-6.6242171132440255	-1.1841354744193069	0.41319010694384484	0	0
2026-01-01 19:29:00	19.653845088903935	40.61874206151909	0	0.16093188762576105	-1.0745027676459316	0.3956655616321409	0	0
2026-01-01 19:30:00	17.31359268332225	49.6374402928756	0	-2.340252405581687	9.01869823135651	0.40249913893824285	0	0
2026-01-01 19:31:00	15.05359904361968	48.14344194556329	0	-2.259993639702568	-1.4939983473123135	0.406533809364988	0	0
2026-01-01 19:32:00	20.444310906250024	49.30413721265032	0	5.390711862630344	1.1606952670870285	0.3778719164766363	0	0
2026-01-01 19:33:00	17.81853194877894	45.5632962133527	0	-2.625778957471084	-3.7408409992976175	0.38361465561295066	0	0
2026-01-01 19:34:00	20.574847661162732	48.52193042353497	0	2.756315712383792	2.958634210182268	0.36935392664580696	0	0
2026-01-01 19:35:00	16.046267661675095	38.378284985832586	0	-4.528579999487636	-10.143645437702382	0.46549890006533456	0	0
2026-01-01 19:36:00	18.57862204864322	48.88462278396841	0	2.532354386968123	10.506337798135824	0.40557358040918023	0	0
2026-01-01 19:37:00	21.328260850137607	46.14966910213467	0	2.749638801494388	-2.734953681833737	0.36855318680339877	0	0
2026-01-01 19:38:00	21.999016084586376	47.95863204621394	0	0.6707552344487695	1.8089629440792692	0.3569555193476853	0	0
2026-01-01 19:39:00	22.17098413797523	46.979377327069045	0	0.17196805338885213	-0.9792547191448975	0.3556585161504823	0	0
2026-01-01 19:40:00	50.99681244284907	41.520240446669206	0	28.82582830487384	-5.459136880399839	0.5394938434797493	0	0
2026-01-01 19:41:00	57.54086300154969	39.48556517116398	0	6.544050558700619	-2.0346752755052293	0.4858946488660612	0	0
2026-01-01 19:42:00	52.59486933238252	42.63885691351884	1	-4.945993669167166	3.1532917423548668	0.45008139659964497	0	1
2026-01-01 19:43:00	56.91294861628272	47.75617792847871	0	4.318079283900197	5.117321014959863	0.42248257299383424	0	0
2026-01-01 19:44:00	84.04957067360317	48.266395429205744	0	27.13662205732045	0.5102175007270375	0.5930079177626981	0	0
2026-01-01 19:45:00	45.95017998820201	40.04386718280911	0	-38.09939068540116	-8.222528246396635	0.5871401732763546	0	0
2026-01-01 19:46:00	49.15013317099893	41.60093072211701	1	3.199953182796918	1.5570635393079044	0.42320895544913273	0	1
2026-01-01 19:47:00	51.214371692842676	42.64216253918096	0	2.0642385218437482	1.0412318170639452	0.4253720297095381	0	0
2026-01-01 19:48:00	51.97690080030286	44.1157471379909	0	0.7625291074601819	1.4735845988099427	0.4164930746270958	0	0
2026-01-01 19:49:00	20.68686489280938	40.10671096916071	0	-31.29003590749348	-4.0090361688301925	0.5399497928075021	0	0
2026-01-01 19:50:00	25.72522834002094	39.87673876954836	0	5.038363447211562	-0.22997219961234805	0.4048774997331104	0	0
2026-01-01 19:51:00	24.172655938329257	42.287720627054576	0	-1.552572401691684	2.410981857506215	0.37623846021988566	0	0
2026-01-01 19:52:00	20.40056172221147	45.93027738060538	0	-3.772094216117786	3.6425567535508065	0.37570556286211004	0	0
2026-01-01 19:53:00	23.441458054356975	40.87316894995911	0	3.040896332145504	-5.057108430646274	0.38540593277828683	0	0
2026-01-01 19:54:00	27.013209328944903	45.14270039680311	0	3.5717512745879283	4.269531446843999	0.36448493610584654	0	0
2026-01-01 19:55:00	27.114186245274	251.15613068499863	1	0.10097691632909545	206.01343028819554	0.6649225600821687	1	1
2026-01-01 19:56:00	17.569803286138544	40.41978251464898	0	-9.544382959135454	-210.73634817034966	0.6198131687198927	0	0
2026-01-01 19:57:00	18.495440595800577	44.81173693099385	0	0.925637309662033	4.391954416344873	0.3929111282778889	0	0
2026-01-01 19:58:00	25.751199400802555	49.74724845530359	0	7.255758805001978	4.935511524309739	0.37391112976512	0	0
2026-01-01 19:59:00	18.14316870259566	43.98593236609905	0	-7.608030698206896	-5.761316089204541	0.4190920809000934	0	0
2026-01-01 20:00:00	61.08260635491872	43.375194217644136	1	42.93943765232306	-0.6107381484549137	0.5729087000697003	0	1
2026-01-01 20:01:00	19.903062555858902	50.334805731203915	0	-41.179543799059815	6.9596115135597785	0.5613659003596829	0	0
2026-01-01 20:02:00	22.644388524008505	44.46704588190618	0	2.741325968149603	-5.867759849297734	0.36789637091929606	0	0
2026-01-01 20:03:00	21.098745765152184	50.120948043315	0	-1.5456427588563209	5.653902161408823	0.3656170639283622	0	0
2026-01-01 20:04:00	19.4766361317621	47.43002506099823	0	-1.6221096333900853	-2.6909229823167706	0.37179856535676353	0	0
2026-01-01 20:05:00	19.42824390809701	44.35406203499592	0	-0.04839222366508977	-3.075963026002313	0.3764039396697468	0	0
2026-01-01 20:06:00	19.33658716322095	47.65556130061966	0	-0.09165674487605813	3.3014992656237396	0.37419509666642137	0	0
2026-01-01 20:07:00	18.85794886406754	47.03003693040634	0	-0.4786382991534097	-0.62552437021332	0.37174393850051546	0	0
2026-01-01 20:08:00	28.36441767026393	49.84329080322776	0	9.506468806196388	2.81325387282142	0.38635530328610723	0	0
2026-01-01 20:09:00	22.435254996516935	43.577978740020065	0	-5.929162673746994	-6.265312063207695	0.3894542750647633	0	0
2026-01-01 20:10:00	24.226362705085357	45.94786703806205	0	1.791107708568422	2.3698882980419853	0.35824044237662095	0	0
2026-01-01 20:11:00	20.122377465999303	45.548742216759486	0	-4.103985239086054	-0.3991248213025642	0.37778014167057833	0	0
2026-01-01 20:12:00	21.05542428898761	48.62323972683202	0	0.933046822988306	3.0744975100725327	0.36614817364208296	0	0
2026-01-01 20:13:00	19.49647649741134	41.7178524429845	0	-1.5589477915762693	-6.905387283847517	0.3945729782004391	0	0
2026-01-01 20:14:00	13.706016774570712	49.89847908261558	0	-5.7904597228406285	8.180626639631079	0.4383834973971501	0	0
2026-01-01 20:15:00	17.551276046430946	47.70796702716894	0	3.8452592718602343	-2.1905120554466393	0.3943367822629823	0	0
2026-01-01 20:16:00	16.277768234508397	40.587111842693005	0	-1.2735078119225491	-7.120855184475936	0.42798864660840763	0	0
2026-01-01 20:17:00	14.984751174873292	50.700102556286055	0	-1.2930170596351047	10.11299071359305	0.427618815450599	0	0
2026-01-01 20:18:00	18.172661190885535	54.81574138008085	0	3.1879100160122427	4.1156388237947965	0.39702831924086207	0	0
2026-01-01 20:19:00	25.758397658723258	49.89910118848681	0	7.585736467837723	-4.916640191594041	0.373600653328365	0	0
2026-01-01 20:20:00	21.67517105399702	51.61217884746092	0	-4.083226604726239	1.7130776589741075	0.3643297381281382	0	0
2026-01-01 20:21:00	25.70527573534673	46.258277750601955	0	4.030104681349712	-5.353901096858962	0.358240022905512	0	0
2026-01-01 20:22:00	23.09179254713943	39.28340272926436	0	-2.613483188207301	-6.974875021337596	0.40730692544514874	0	0
2026-01-01 20:23:00	24.23193665749535	38.565648285504835	0	1.1401441103559193	-0.7177544437595245	0.4060060853702395	0	0
2026-01-01 20:24:00	19.207139070336797	46.9752432035963	0	-5.024797587158552	8.409594918091464	0.39902112732080114	0	0
2026-01-01 20:25:00	23.50740681990318	43.599861747742665	0	4.300267749566384	-3.375381455853635	0.3747461486032543	0	0
2026-01-01 20:26:00	24.14757409605086	42.32241058360451	0	0.6401672761476789	-1.2774511641381565	0.3717621915912125	0	0
2026-01-01 20:27:00	20.25751999638831	45.74274420066999	0	-3.8900540996625494	3.420333617065481	0.3781639523777009	0	0
2026-01-01 20:28:00	23.69226601137557	48.469163601208685	0	3.434746014987258	2.7264194005386955	0.3578994139661334	0	0
2026-01-01 20:29:00	23.738543250378275	40.2089598002783	0	0.04627723900270553	-8.260203800930384	0.3937078826771739	0	0
2026-01-01 20:30:00	20.4178087336974	44.23772281742229	0	-3.3207345166808757	4.028763017143987	0.380489287725153	0	0
2026-01-01 20:31:00	18.72479896574858	52.086034863762045	0	-1.6930097679488192	7.848312046339757	0.3890260532859373	0	0
2026-01-01 20:32:00	18.567507468237967	41.75879271108089	0	-0.157291497510613	-10.327242152681151	0.4116799485635143	0	0
2026-01-01 20:33:00	22.406347316956936	49.5524600942561	0	3.838839848718969	7.793667383175205	0.3743525841626329	0	0
2026-01-01 20:34:00	23.15494803784381	44.14803616954195	0	0.7486007208868735	-5.404423924714145	0.36443665161563726	0	0
2026-01-01 20:35:00	19.823577677697443	48.283752623935406	0	-3.331370360146366	4.135716454393453	0.37191460223249473	0	0
2026-01-01 20:36:00	54.20448789983391	50.50358022152662	0	34.380910222136464	2.2198275975912125	0.5217364623217283	0	0
2026-01-01 20:37:00	55.863876158018925	49.09316384752916	0	1.6593882581850181	-1.4104163739974567	0.40417024673748775	0	0
2026-01-01 20:38:00	56.03451780054402	49.778515491916906	1	0.17064164252509784	0.6853516443877439	0.4004387089828205	0	1
2026-01-01 20:39:00	58.86341353005819	41.54941670600088	0	2.8288957295141657	-8.229098785916023	0.47224586112310124	0	0
2026-01-01 20:40:00	58.06668955582967	50.62441661137031	0	-0.7967239742285201	9.074999905369424	0.42885101203692394	0	0
2026-01-01 20:41:00	19.36380100390508	42.773065192548074	0	-38.70288855192459	-7.851351418822233	0.5726436032131372	0	0
2026-01-01 20:42:00	27.44669897261376	47.236137234286005	0	8.082897968708679	4.463072041737931	0.3836536381750769	0	0
2026-01-01 20:43:00	20.83142064249236	47.24515982606866	0	-6.615278330121399	0.009022591782652967	0.3880468793597083	0	0
2026-01-01 20:44:00	25.58752263513556	48.166942334364464	0	4.756101992643199	0.9217825082958058	0.35487711858080256	0	0
2026-01-01 20:45:00	22.685561803363488	47.58862766684587	0	-2.9019608317720724	-0.5783146675185904	0.358156459198007	0	0
2026-01-01 20:46:00	21.27399465673907	42.8799814819561	0	-1.4115671466244173	-4.708646184889773	0.3814234216054982	0	0
2026-01-01 20:47:00	17.116335670058206	40.87024347550864	0	-4.157658986680865	-2.0097380064474635	0.420176280581234	0	0
2026-01-01 20:48:00	22.05385821457701	49.77367059246011	0	4.937522544518803	8.90342711695147	0.3827368472996837	0	0
2026-01-01 20:49:00	17.919669019214854	47.0422476726415	0	-4.134189195362154	-2.7314229198186055	0.38540347844228484	0	0
2026-01-01 20:50:00	25.52912433942707	50.91112067978065	0	7.609455320212216	3.8688730071391504	0.3763740310391018	0	0
2026-01-01 20:51:00	27.207152877060885	46.1494557160701	0	1.6780285376338142	-4.761664963710551	0.3515993740871265	0	0
2026-01-01 20:52:00	20.29573001591822	40.72257404919631	0	-6.911422861142665	-5.42688166687379	0.4209542564044189	0	0
2026-01-01 20:53:00	23.62220252873381	50.22266387460443	0	3.326472512815588	9.500089825408118	0.37355503860059863	0	0
2026-01-01 20:54:00	20.570081723853193	44.891645706294135	0	-3.052120804880616	-5.331018168310294	0.37424343247459363	0	0
2026-01-01 20:55:00	20.890906188992073	47.756194019385305	0	0.3208244651388803	2.86454831309117	0.36376327571512584	0	0
2026-01-01 20:56:00	25.130086108209596	43.81346328438866	0	4.2391799192175235	-3.942730734996644	0.3695446543803606	0	0
2026-01-01 20:57:00	22.72136578022322	52.99569712381149	0	-2.4087203279863765	9.182233839422828	0.37635236021547225	0	0
2026-01-01 20:58:00	28.086439634251217	387.94404960456	1	5.365073854027997	334.9483524807485	0.7476110990684097	1	1
2026-01-01 20:59:00	21.45144880765838	45.09935410545887	0	-6.634990826592837	-342.84469549910114	0.6438132807737267	1	0
2026-01-01 21:00:00	25.926941185557993	46.89426090485653	0	4.475492377899613	1.7949067993976584	0.35765030178650686	0	0
2026-01-01 21:01:00	23.25209299431366	42.11119706937232	0	-2.674848191244333	-4.783063835484214	0.3752319578419254	0	0
2026-01-01 21:02:00	56.148329242550886	322.88549896763317	1	32.89623624823723	280.77430189826083	0.7492659657648906	1	1
2026-01-01 21:03:00	52.45071028591005	52.95868961066156	0	-3.697618956640838	-269.9268093569716	0.6164907934152946	0	0
2026-01-01 21:04:00	53.67482763907197	44.56485950493017	1	1.2241173531619225	-8.39383010573139	0.43403459730648086	0	1
2026-01-01 21:05:00	53.508460660597194	48.12300599721556	0	-0.16636697847477677	3.5581464922853883	0.40674235671128445	0	0
2026-01-01 21:06:00	51.37837075484179	35.56048557737701	0	-2.130089905755405	-12.562520419838549	0.5066295043360288	0	0
2026-01-01 21:07:00	25.134414700481667	46.41836824642884	0	-26.243956054360122	10.857882669051833	0.50800965719119	0	0
2026-01-01 21:08:00	25.13076341611011	45.33783905598269	0	-0.0036512843715570398	-1.0805291904461498	0.3554977595053396	0	0
2026-01-01 21:09:00	24.992656629387284	43.33200586269375	0	-0.13810678672282606	-2.005833193288943	0.36263612622189983	0	0
2026-01-01 21:10:00	27.854994885596327	50.94785084043583	0	2.8623382562090427	7.6158449777420785	0.35687682370812535	0	0
2026-01-01 21:11:00	27.624366329362232	45.33319123633135	0	-0.23062855623409462	-5.6146596041044745	0.353438428092343	0	0
2026-01-01 21:12:00	22.18385986686401	45.944437019831355	0	-5.44050646249822	0.6112457835000029	0.3740870724926152	0	0
2026-01-01 21:13:00	24.46034029529419	45.16182017083955	0	2.2764804284301796	-0.7826168489918075	0.3584033087935113	0	0
2026-01-01 21:14:00	21.502997450067983	39.01963627186101	0	-2.957342845226208	-6.142183898978537	0.4134964079171538	0	0
2026-01-01 21:15:00	23.47660779734298	42.17532516419181	0	1.9736103472749953	3.155688892330801	0.3817859269042791	0	0
2026-01-01 21:16:00	21.640161362738333	50.564078799528325	0	-1.836446434604646	8.388753635336514	0.3686324542778585	0	0
2026-01-01 21:17:00	28.332613402780925	38.2963986501665	0	6.692452040042593	-12.267680149361823	0.44626532371773014	0	0
2026-01-01 21:18:00	24.596613967727045	43.687498359886256	0	-3.7359994350538805	5.391099709719754	0.3769760798275576	0	0
2026-01-01 21:19:00	22.884672819257094	45.17049987662613	0	-1.7119411484699505	1.4830015167398756	0.36235921182341646	0	0
2026-01-01 21:20:00	27.152979618703732	53.76054942073357	0	4.268306799446638	8.590049544107437	0.3698716820778401	0	0
2026-01-01 21:21:00	17.09376375080791	49.87722005208255	0	-10.059215867895823	-3.883329368651019	0.4373818117834385	0	0
2026-01-01 21:22:00	17.59691001262649	44.59092679039878	0	0.503146261818582	-5.286293261683767	0.39022452889304376	0	0
2026-01-01 21:23:00	26.06046268003416	52.05452814564962	0	8.463552667407669	7.463601355250837	0.38883181105415593	0	0
2026-01-01 21:24:00	23.888201433853727	43.89133476274633	0	-2.172261246180433	-8.163193382903287	0.37207509372278846	0	0
2026-01-01 21:25:00	24.492104178941688	50.90678185401572	0	0.6039027450879608	7.015447091269387	0.35898175328286286	0	0
2026-01-01 21:26:00	19.795665323668157	41.45191783311984	0	-4.696438855273531	-9.454864020895876	0.4091081542061491	0	0
2026-01-01 21:27:00	23.73935937435056	51.197561580607456	0	3.943694050682403	9.745643747487613	0.3764414628990107	0	0
2026-01-01 21:28:00	29.853913477947437	45.29715804148776	0	6.114554103596877	-5.900403539119694	0.3681522310167338	0	0
2026-01-01 21:29:00	26.350426059043095	42.824896636062675	0	-3.503487418904342	-2.472261405425087	0.372341578026904	0	0
2026-01-01 21:30:00	24.421505345341227	46.087618402651145	0	-1.9289207137018671	3.26272176658847	0.3595668620488335	0	0
2026-01-01 21:31:00	22.629898389256237	48.082906778666384	0	-1.7916069560849905	1.995288376015239	0.3559396571309943	0	0
2026-01-01 21:32:00	22.798131212871336	45.01193116213691	0	0.1682328236150994	-3.0709756165294735	0.35965168704127226	0	0
2026-01-01 21:33:00	17.629160326693352	49.224191021128	0	-5.168970886177984	4.212259858991089	0.3934014697325733	0	0
2026-01-01 21:34:00	24.824693395250073	44.69391053158702	0	7.1955330685567205	-4.530280489540978	0.3849169262279469	0	0
2026-01-01 21:35:00	26.62335284180974	49.52494133390752	0	1.7986594465596681	4.831030802320498	0.3485939646521905	0	0
2026-01-01 21:36:00	19.39528949556342	48.829961986684026	0	-7.228063346246319	-0.6949793472234944	0.39786869035812844	0	0
2026-01-01 21:37:00	22.17325266670521	46.83505945298109	0	2.7779631711417885	-1.994902533702934	0.35935458836591505	0	0
2026-01-01 21:38:00	20.720576546190337	284.5832286085749	1	-1.452676120514873	237.74816915559384	0.6897950771348725	1	1
2026-01-01 21:39:00	21.332494515201372	47.72043723287489	0	0.611917969011035	-236.86279137570003	0.5788959696025308	0	0
2026-01-01 21:40:00	24.424680516955235	49.333132790379565	0	3.0921860017538627	1.6126955575046722	0.3531592726615986	0	0
2026-01-01 21:41:00	18.046825909071547	55.39721279794492	0	-6.3778546078836875	6.064080007565352	0.41739021869290494	0	0
2026-01-01 21:42:00	26.178748945822864	50.92565050256856	0	8.131923036751317	-4.4715622953763585	0.3773338413644391	0	0
2026-01-01 21:43:00	26.63351593285036	51.089935160788016	0	0.4547669870274973	0.16428465821945792	0.3441884802398872	0	0
2026-01-01 21:44:00	23.65476320118179	59.5580842620874	0	-2.978752731668571	8.468149101299382	0.40025073670701006	0	0
2026-01-01 21:45:00	17.002172139850355	49.28598274197336	0	-6.652591061331435	-10.272101520114035	0.4288020302510196	0	0
2026-01-01 21:46:00	21.491374268872256	49.17888911868652	0	4.489202129021901	-0.10709362328684335	0.37177969165544367	0	0
2026-01-01 21:47:00	28.21577350710895	50.07459414968704	0	6.724399238236693	0.8957050310005172	0.35727709601178603	0	0
2026-01-01 21:48:00	16.219626807664014	43.24094091457185	0	-11.996146699444935	-6.833653235115186	0.4749544433771521	0	0
2026-01-01 21:49:00	23.547685049739492	45.51952109748501	0	7.328058242075478	2.27858018291316	0.3896316622368588	0	0
2026-01-01 21:50:00	21.08700158112998	45.288824891496546	0	-2.4606834686095134	-0.2306962059884654	0.36885617171984436	0	0
2026-01-01 21:51:00	27.077565745598395	368.05020412556235	1	5.990564164468417	322.76137923406577	0.7435119941561568	1	1
2026-01-01 21:52:00	22.675465501237557	46.65370542994918	0	-4.402100244360838	-321.39649869561316	0.6240515491367729	1	0
2026-01-01 21:53:00	25.949722825688134	47.921824083637865	0	3.274257324450577	1.2681186536886884	0.3501153032092014	0	0
2026-01-01 21:54:00	26.471395610347795	51.73732565701412	0	0.5216727846596605	3.8155015733762525	0.3476978184270382	0	0
2026-01-01 21:55:00	30.32094493758484	50.858736664013946	0	3.849549327237046	-0.8785889930001716	0.34616390160932875	0	0
2026-01-01 21:56:00	24.240793419873345	46.77792561328474	0	-6.080151517711496	-4.08081105072921	0.3713632927300806	0	0
2026-01-01 21:57:00	26.015202248097317	44.76355418210185	0	1.7744088282239723	-2.0143714311828873	0.3562373455141764	0	0
2026-01-01 21:58:00	20.469449933010644	52.00340711180923	0	-5.545752315086673	7.239852929707382	0.3896415311280785	0	0
2026-01-01 21:59:00	28.53350091942597	50.57669483841183	0	8.064050986415324	-1.4267122733973991	0.3718725672216032	0	0
2026-01-01 22:00:00	22.718473455785904	41.07497272681847	0	-5.815027463640064	-9.50172211159336	0.41022398425063133	0	0
2026-01-01 22:01:00	23.355572470984672	46.26630172599083	0	0.6370990151987677	5.191328999172356	0.36339228773585003	0	0
2026-01-01 22:02:00	25.009021014417694	48.199944047549714	0	1.6534485434330222	1.9336423215588852	0.34826590674624003	0	0
2026-01-01 22:03:00	20.4251345490109	50.67221266099935	0	-4.5838864654067955	2.4722686134496357	0.37048598309072533	0	0
2026-01-01 22:04:00	25.838213884323448	51.21635787852741	0	5.413079335312549	0.5441452175280617	0.3548094917148179	0	0
2026-01-01 22:05:00	28.092511129581155	48.73068016010496	0	2.254297245257707	-2.485677718422451	0.34537258386276437	0	0
2026-01-01 22:06:00	26.10721386789579	49.95519632413738	0	-1.9852972616853641	1.2245161640324227	0.34386090731023095	0	0
2026-01-01 22:07:00	20.500110635615393	47.889948873588395	0	-5.607103232280398	-2.0652474505489877	0.3807404980794558	0	0
2026-01-01 22:08:00	24.933856489152113	44.9572354333483	0	4.4337458535367205	-2.932713440240093	0.3636626216977892	0	0
2026-01-01 22:09:00	27.569941505687353	46.62686983420943	0	2.6360850165352403	1.6696344008611277	0.35170774070476735	0	0
2026-01-01 22:10:00	19.748547569751945	47.76722168038526	0	-7.821393935935408	1.1403518461758324	0.39911909525107375	0	0
2026-01-01 22:11:00	22.19696280737728	47.571913424340856	0	2.4484152376253334	-0.19530825604440594	0.3594618343864484	0	0
2026-01-01 22:12:00	28.089725814849093	40.18775588352838	0	5.892763007471814	-7.384157540812474	0.4046070240514894	0	0
2026-01-01 22:13:00	26.309301892217512	46.159574455095104	0	-1.7804239226315808	5.971818571566722	0.36003064650302097	0	0
2026-01-01 22:14:00	26.773936615282164	47.99383354680756	0	0.4646347230646519	1.834259091712454	0.346305858052223	0	0
2026-01-01 22:15:00	31.15559752067992	46.66307658128219	0	4.381660905397755	-1.3307569655253673	0.35573650903171156	0	0
2026-01-01 22:16:00	27.02194686762784	46.820849084008266	0	-4.133650653052079	0.15777250272607546	0.3567473890621365	0	0
2026-01-01 22:17:00	27.62921145725536	49.77973919619626	0	0.6072645896275191	2.9588901121879942	0.3452954382793443	0	0
2026-01-01 22:18:00	33.82712561357202	43.53161576776399	0	6.1979141563166635	-6.248123428432272	0.3785744731707326	0	0
2026-01-01 22:19:00	25.09289892671395	41.354987444687865	0	-8.734226686858072	-2.176628323076123	0.41379802557609086	0	0
2026-01-01 22:20:00	23.38016909173752	46.4942295279498	0	-1.7127298349764288	5.139242083261934	0.36191295958323655	0	0
2026-01-01 22:21:00	27.09679181936712	50.96315893432002	0	3.7166227276295984	4.468929406370222	0.35261384659634815	0	0
2026-01-01 22:22:00	27.170040661604283	54.67674594466536	0	0.0732488422371631	3.7135870103453428	0.3526861734907411	0	0
2026-01-01 22:23:00	24.3126652980266	51.074918693311574	0	-2.857375363577681	-3.6018272513537894	0.3540988451830599	0	0
2026-01-01 22:24:00	22.835442510577455	42.09326174514561	0	-1.477222787449147	-8.981656948165963	0.38401518230101533	0	0
2026-01-01 22:25:00	32.90206636768285	47.05679759319923	0	10.066623857105395	4.963535848053617	0.39283924926766717	0	0
2026-01-01 22:26:00	26.9930397219116	49.03279217969988	0	-5.909026645771249	1.9759945865006543	0.3618088707132252	0	0
2026-01-01 22:27:00	23.855705291951104	48.736645185773035	0	-3.1373344299604966	-0.29614699392684685	0.35381015407684363	0	0
2026-01-01 22:28:00	28.84047962194605	50.20356256932512	0	4.984774329994945	1.4669173835520866	0.34929364671254737	0	0
2026-01-01 22:29:00	25.805454928947785	44.39824940597285	0	-3.035024692998263	-5.805313163352274	0.36089589529718796	0	0
2026-01-01 22:30:00	25.41452133739561	48.34635518837752	0	-0.39093359155217655	3.9481057824046744	0.34875936991033835	0	0
2026-01-01 22:31:00	27.90033244221915	49.788048232342355	0	2.48581110482354	1.4416930439648326	0.34345090157769553	0	0
2026-01-01 22:32:00	22.378287261145807	51.429650846135075	0	-5.5220451810733415	1.6416026137927204	0.37195281516635614	0	0
2026-01-01 22:33:00	27.352307236653147	44.92434014599965	0	4.974019975507339	-6.505310700135425	0.3679878834744885	0	0
2026-01-01 22:34:00	32.07385215595228	46.786866397406925	0	4.721544919299134	1.8625262514072745	0.35512084873585364	0	0
2026-01-01 22:35:00	27.774152603754914	37.37253908828813	0	-4.299699552197367	-9.414327309118796	0.4229502333762533	0	0
2026-01-01 22:36:00	25.287684193196597	45.7223123819624	0	-2.4864684105583166	8.349773293674275	0.3716153677869748	0	0
2026-01-01 22:37:00	24.935773778738117	46.13088523812725	0	-0.35191041445848015	0.4085728561648452	0.3536094754833929	0	0
2026-01-01 22:38:00	25.266906267369993	44.170625061032894	0	0.3311324886318765	-1.960260177094355	0.35863247530623366	0	0
2026-01-01 22:39:00	25.776941395081725	48.93186331554314	0	0.5100351277117312	4.761238254510246	0.35061111043923704	0	0
2026-01-01 22:40:00	25.446378968468498	48.06611755519058	0	-0.330562426613227	-0.86574576035256	0.3462731096638535	0	0
2026-01-01 22:41:00	29.36976714319043	39.273560899672916	0	3.923388174721932	-8.792556655517664	0.4137398019795079	0	0
2026-01-01 22:42:00	21.46230409803534	49.19299758103816	0	-7.90746304515509	9.919436681365248	0.41098957840699596	0	0
2026-01-01 22:43:00	29.289093698608532	44.63825025052996	0	7.826789600573193	-4.5547473305082065	0.38694858307089464	0	0
2026-01-01 22:44:00	25.60525888000074	50.314915064476274	0	-3.6838348186077923	5.676664813946317	0.35348153539099275	0	0
2026-01-01 22:45:00	27.9164487040545	43.26539768256953	0	2.311189824053759	-7.049517381906746	0.36751245823627937	0	0
2026-01-01 22:46:00	23.44598970534649	48.5335028720983	0	-4.470458998708008	5.268105189528775	0.3629381597086311	0	0
2026-01-01 22:47:00	30.854255135710805	47.301527652035226	0	7.408265430364313	-1.2319752200630774	0.3713532128936535	0	0
2026-01-01 22:48:00	54.59687031780054	49.66732256792658	0	23.742615182089732	2.3657949158913567	0.49003193146632446	0	0
2026-01-01 22:49:00	53.78026396800451	48.974467615465336	0	-0.8166063497960252	-0.6928549524612464	0.40005427080146305	0	0
2026-01-01 22:50:00	46.39881305861104	47.47581430239281	1	-7.381450909393472	-1.4986533130725235	0.4024729008570551	0	1
2026-01-01 22:51:00	94.89545929543472	42.372202868945166	1	48.49664623682368	-5.103611433447647	0.6807925888082084	1	1
2026-01-01 22:52:00	52.24098359671416	42.629309622542195	0	-42.65447569872056	0.2571067535970286	0.584387616553714	0	0
2026-01-01 22:53:00	22.30222357726139	46.22347090296068	0	-29.93876001945277	3.594161280418483	0.5073236460633972	0	0
2026-01-01 22:54:00	27.086954401648327	48.54680374076204	0	4.784730824386937	2.3233328378013596	0.3552123843521124	0	0
2026-01-01 22:55:00	28.295313326789856	46.16786314104856	0	1.2083589251415283	-2.3789405997134807	0.3505922591789867	0	0
2026-01-01 22:56:00	28.911852263299455	51.122660943232866	0	0.616538936509599	4.954797802184309	0.34534712031153536	0	0
2026-01-01 22:57:00	27.817379602195825	47.5259140738279	0	-1.0944726611036302	-3.596746869404967	0.3484170711427131	0	0
2026-01-01 22:58:00	28.20131048975956	44.80375722049067	0	0.3839308875637357	-2.722156853337232	0.3559154611556582	0	0
2026-01-01 22:59:00	31.79052203217953	47.57245875575849	0	3.589211542419971	2.768701535267823	0.3519792109259797	0	0
2026-01-01 23:00:00	31.089911278706833	49.6093441197536	0	-0.7006107534726986	2.036885363995111	0.33895735331000687	0	0
2026-01-01 23:01:00	18.85281565659649	50.0265291342707	0	-12.237095622110342	0.4171850145171021	0.4373220736750907	0	0
2026-01-01 23:02:00	26.543884294942533	56.26161650770031	0	7.691068638346042	6.235087373429607	0.3919931800996355	0	0
2026-01-01 23:03:00	27.044513987078215	46.09359617484135	0	0.5006296921356821	-10.168020332858958	0.3646474459180145	0	0
2026-01-01 23:04:00	22.32448532582241	48.49647587564006	0	-4.720028661255807	2.4028797007987066	0.36425083196377417	0	0
2026-01-01 23:05:00	27.9056902514352	50.51606632564684	0	5.581204925612791	2.019590450006781	0.35466635625831033	0	0
2026-01-01 23:06:00	31.411819678672455	48.73908134391721	0	3.506129427237255	-1.7769849817296262	0.3458749295833944	0	0
2026-01-01 23:07:00	24.448292512004087	46.85152546143331	0	-6.963527166668367	-1.8875558824839018	0.37795872391767177	0	0
2026-01-01 23:08:00	28.759692272630964	42.6782160229037	0	4.311399760626877	-4.173309438529614	0.37534241272064617	0	0
2026-01-01 23:09:00	25.045555217895668	46.853174588680425	0	-3.7141370547352963	4.174958565776727	0.3589124209376313	0	0
2026-01-01 23:10:00	25.81986778957994	44.622992279438286	0	0.7743125716842734	-2.2301823092421387	0.35744089127713624	0	0
2026-01-01 23:11:00	32.31040418094564	42.03268491472266	0	6.490536391365698	-2.5903073647156276	0.38885022099992267	0	0
2026-01-01 23:12:00	26.293209631486924	45.77772617922886	0	-6.017194549458715	3.745041264506199	0.3752831780436751	0	0
2026-01-01 23:13:00	29.350219955630106	44.79342436123329	0	3.0570103241431816	-0.9843018179955649	0.3584959542784767	0	0
2026-01-01 23:14:00	22.392666307645072	51.33830650908581	0	-6.9575536479850335	6.544882147852519	0.39037260302736976	0	0
2026-01-01 23:15:00	33.63604946402335	51.42891573957653	0	11.243383156378279	0.09060923049072045	0.38156051760094034	0	0
2026-01-01 23:16:00	29.89986738515405	45.43043786479378	0	-3.7361820788693016	-5.9984778747827505	0.36175033275702356	0	0
2026-01-01 23:17:00	27.58726011196186	48.02646529770384	0	-2.3126072731921887	2.5960274329100557	0.3465254492300215	0	0
2026-01-01 23:18:00	29.904284275078204	41.65585172408912	0	2.3170241631163435	-6.370613573614719	0.3777943018939604	0	0
2026-01-01 23:19:00	23.991106258418153	47.13292247190002	0	-5.913178016660051	5.477070747810899	0.37628612222228774	0	0
2026-01-01 23:20:00	31.81111044858866	50.72768671447473	0	7.820004190170508	3.594764242574712	0.3674903438808691	0	0
2026-01-01 23:21:00	27.334550635020463	52.45300403921129	0	-4.476559813568198	1.725317324736558	0.35221823949367087	0	0
2026-01-01 23:22:00	27.73731539624792	46.32257364393136	0	0.40276476122745564	-6.13043039527993	0.35059703041218654	0	0
2026-01-01 23:23:00	74.85670140249529	53.40370661409094	1	47.11938600624737	7.081132970159587	0.6218061697668087	1	1
2026-01-01 23:24:00	26.693701141360933	43.15505998874496	0	-48.16300026113436	-10.248646625345984	0.5822836173367089	0	0
2026-01-01 23:25:00	30.562777972986066	44.24887187247525	0	3.869076831625133	1.0938118837302895	0.36499863202832317	0	0
2026-01-01 23:26:00	29.289626439016555	52.09960040690345	0	-1.2731515339695108	7.8507285344282	0.352296686084221	0	0
2026-01-01 23:27:00	30.520318204297325	55.96702180429709	0	1.2306917652807705	3.8674213973936418	0.35121878752541263	0	0
2026-01-01 23:28:00	28.581884921942628	51.27786244793445	0	-1.9384332823546977	-4.689159356362637	0.34596346110825366	0	0
2026-01-01 23:29:00	30.191090130494302	49.16437580249533	0	1.6092052085516748	-2.1134866454391243	0.342535515701226	0	0
2026-01-01 23:30:00	27.438191846024367	40.56663405281091	0	-2.7528982844699357	-8.597741749684417	0.3869242543120295	0	0
2026-01-01 23:31:00	35.42720583287034	255.95915773426324	1	7.9890139868459755	215.39252368145233	0.6827698693702423	1	1
2026-01-01 23:32:00	24.077515316657024	49.90829143055773	0	-11.349690516213318	-206.0508663037055	0.603880066917562	0	0
2026-01-01 23:33:00	32.607437996110576	47.980062334426115	0	8.529922679453552	-1.9282290961316164	0.37256705450713057	0	0
2026-01-01 23:34:00	32.97169021448384	45.01064320255199	0	0.3642522183732666	-2.969419131874126	0.3502000516373945	0	0
2026-01-01 23:35:00	26.35485483358357	49.717795949060374	0	-6.616835380900273	4.707152746508385	0.3695603302610815	0	0
2026-01-01 23:36:00	35.64253619899139	49.937883153692965	0	9.287681365407817	0.22008720463259124	0.37123097781746595	0	0
2026-01-01 23:37:00	31.98459023271519	53.27672316610071	0	-3.6579459662761984	3.3388400124077435	0.3459550874812874	0	0
2026-01-01 23:38:00	31.95495949526649	50.06718036944968	0	-0.029630737448698596	-3.2095427966510286	0.33798207410419273	0	0
2026-01-01 23:39:00	29.169050374443607	54.45606938002053	0	-2.7859091208228826	4.38888901057085	0.34939679713599925	0	0
2026-01-01 23:40:00	28.476764097867388	49.59619740445696	0	-0.692286276576219	-4.859871975563571	0.34603509423861073	0	0
2026-01-01 23:41:00	28.543691443759137	49.12461898320963	0	0.06692734589174876	-0.4715784212473295	0.3448979076178536	0	0
2026-01-01 23:42:00	30.387000831680098	53.8649532663495	0	1.8433093879209608	4.740334283139873	0.34629422550308403	0	0
2026-01-01 23:43:00	33.4624739231477	45.715694028857264	0	3.0754730914676003	-8.149259237492238	0.3603704327790599	0	0
2026-01-01 23:44:00	29.846377916143012	60.90900744434402	0	-3.6160960070046855	15.193313415486756	0.42155403187758217	0	0
2026-01-01 23:45:00	26.611637838286693	51.174014266516224	0	-3.234740077856319	-9.734993177827796	0.3598532740787867	0	0
2026-01-01 23:46:00	31.86279579180637	51.2180743136764	0	5.251157953519677	0.044060047160172644	0.3468563305963279	0	0
2026-01-01 23:47:00	32.19652436355061	51.816919958073505	0	0.3337285717442384	0.5988456443971089	0.3365244592614976	0	0
2026-01-01 23:48:00	31.44061902291391	57.24686612011185	0	-0.7559053406366978	5.429946162038341	0.353536010063793	0	0
2026-01-01 23:49:00	31.75671543436151	52.930139004083706	0	0.3160964114475995	-4.31672711602814	0.34203771651896286	0	0
2026-01-01 23:50:00	28.751021735873223	43.36167914715763	0	-3.0056936984882867	-9.568459856926076	0.37635834436296167	0	0
2026-01-01 23:51:00	26.82043434101757	55.417582460274666	0	-1.9305873948556531	12.055903313117035	0.3794435267348394	0	0
2026-01-01 23:52:00	27.046424741052657	48.46191619870743	0	0.2259904000350872	-6.955666261567238	0.35145847215402404	0	0
2026-01-01 23:53:00	24.78822512252819	50.27592772530817	0	-2.2581996185244684	1.8140115266007442	0.3484081132610757	0	0
2026-01-01 23:54:00	30.44907635155911	44.75209936975956	0	5.660851229030921	-5.523828355548609	0.36957608965458594	0	0
2026-01-01 23:55:00	29.53150479997461	51.99573364732277	0	-0.9175715515845013	7.24363427756321	0.3494571288014269	0	0
2026-01-01 23:56:00	28.505512822038032	47.307240807543366	0	-1.0259919779365774	-4.688492839779407	0.35082630810297627	0	0
2026-01-01 23:57:00	21.002247571251345	50.335230574117176	0	-7.503265250786686	3.0279897665738105	0.3943292678241023	0	0
2026-01-01 23:58:00	26.170782235933757	48.81997130106499	0	5.1685346646824115	-1.5152592730521874	0.35601919068473464	0	0
2026-01-01 23:59:00	33.318888861362026	57.67823466051967	0	7.1481066254282695	8.858263359454682	0.38601635427763326	0	0
2026-01-02 00:00:00	28.006121999810603	57.92904120058236	0	-5.312766861551424	0.25080654006269043	0.38094634594859983	0	0
2026-01-02 00:01:00	31.12540812581799	50.2078692272827	0	3.1192861260073883	-7.721171973299661	0.34948880745548994	0	0
2026-01-02 00:02:00	25.915209065057965	50.29954352296728	0	-5.210199060760026	0.09167429568457663	0.3554555445998391	0	0
2026-01-02 00:03:00	34.44701240279113	271.3385599310842	1	8.531803337733166	221.03901640811694	0.6944812267099013	1	1
2026-01-02 00:04:00	29.742441084208803	54.51128719819757	0	-4.704571318582328	-216.82727273288663	0.572328575840802	0	0
2026-01-02 00:05:00	31.088270039796207	48.79339494383929	0	1.345828955587404	-5.717892254358283	0.3428637184655244	0	0
2026-01-02 00:06:00	37.23910885872378	48.44553564295657	0	6.150838818927575	-0.34785930088271755	0.3539615704694068	0	0
2026-01-02 00:07:00	34.854705433866435	54.06706402070897	0	-2.3844034248573465	5.621528377752398	0.3422594778794702	0	0
2026-01-02 00:08:00	29.42929810316383	48.02130110224591	0	-5.425407330702605	-6.045762918463062	0.3590696514486149	0	0
2026-01-02 00:09:00	28.61293760297961	50.04527894100122	0	-0.8163605001842207	2.0239778387553145	0.3429719792176202	0	0
2026-01-02 00:10:00	29.459558839094765	43.892853810782704	0	0.8466212361151548	-6.152425130218518	0.3622136727582906	0	0
2026-01-02 00:11:00	32.00947603064305	53.05665202309939	0	2.5499171915482854	9.163798212316685	0.3546004049802921	0	0
2026-01-02 00:12:00	30.207687159676823	58.02514753794219	0	-1.8017888709662273	4.9684955148428	0.36210200949517035	0	0
2026-01-02 00:13:00	29.38119544062336	53.16836542901605	0	-0.8264917190534611	-4.85678210892614	0.3472529853458852	0	0
2026-01-02 00:14:00	35.0120291474757	56.15243936786351	0	5.630833706852339	2.984073938847459	0.35428065078624105	0	0
2026-01-02 00:15:00	30.31140161696791	46.94260710144139	0	-4.700627530507791	-9.209832266422119	0.3644076634018315	0	0
2026-01-02 00:16:00	37.596332016553205	51.29407949683343	0	7.284930399585296	4.351472395392044	0.3591449532563441	0	0
2026-01-02 00:17:00	31.01331259321051	46.59790275349944	0	-6.583019423342694	-4.696176743333993	0.3665906851074162	0	0
2026-01-02 00:18:00	36.140546139952626	49.481233296313846	0	5.127233546742115	2.883330542814406	0.34671862318815055	0	0
2026-01-02 00:19:00	31.900040343253924	53.50288694697104	0	-4.240505796698702	4.021653650657193	0.3459650037403377	0	0
2026-01-02 00:20:00	33.76043914722493	50.843061166151486	0	1.8603988039710053	-2.6598257808195527	0.33838676402784384	0	0
2026-01-02 00:21:00	28.741183032080844	44.806944002912125	0	-5.019256115144085	-6.036117163239361	0.3695485012772369	0	0
2026-01-02 00:22:00	28.39717985744	45.2191123404501	0	-0.34400317464084296	0.41216833753797744	0.3541666646427564	0	0
2026-01-02 00:23:00	32.38099848116573	44.97628458209729	0	3.983818623725732	-0.24282775835281	0.3582864113676203	0	0
2026-01-02 00:24:00	34.01094436007248	52.48845267609663	0	1.6299458789067458	7.512168093999335	0.3462074486783176	0	0
2026-01-02 00:25:00	31.209438254521032	58.7999125168865	0	-2.8015061055514465	6.3114598407898725	0.36621075272393183	0	0
2026-01-02 00:26:00	27.272852132427964	56.01584904484038	0	-3.9365861220930682	-2.784063472046121	0.3618186291818532	0	0
2026-01-02 00:27:00	27.09459887571039	43.00374619070493	0	-0.17825325671757497	-13.012102854135449	0.39177182059035626	0	0
2026-01-02 00:28:00	26.937284227492754	56.29365046930487	0	-0.15731464821763552	13.289904278599941	0.38470294887892914	0	0
2026-01-02 00:29:00	25.959123352540143	54.37659651373773	0	-0.9781608749526107	-1.917053955567141	0.3544767535587189	0	0
2026-01-02 00:30:00	31.633718000541773	44.47143117898523	0	5.67459464800163	-9.905165334752503	0.3796580113884521	0	0
2026-01-02 00:31:00	34.72364106786131	49.461448184526624	0	3.0899230673195355	4.990017005541397	0.34531432495965947	0	0
2026-01-02 00:32:00	31.351483648826218	55.07795515078356	0	-3.3721574190350907	5.616506966256935	0.3483862381534555	0	0
2026-01-02 00:33:00	24.653681947898235	52.91919715369504	0	-6.697801700927982	-2.1587579970885216	0.37955343177072376	0	0
2026-01-02 00:34:00	30.905812730292464	45.50266684609612	0	6.252130782394229	-7.416530307598919	0.3704783848713416	0	0
2026-01-02 00:35:00	31.032836872001337	53.20358555413436	0	0.12702414170887266	7.7009187080382375	0.3486481026266676	0	0
2026-01-02 00:36:00	37.85234090107862	42.232169940878805	0	6.819504029077283	-10.971415613255552	0.41148528776736343	0	0
2026-01-02 00:37:00	27.236011917279587	49.91242412499028	0	-10.616328983799033	7.680254184111476	0.4078526889270899	0	0
2026-01-02 00:38:00	30.47844325080919	55.377065106903586	0	3.242431333529602	5.4646409819133055	0.35265850046837377	0	0
2026-01-02 00:39:00	36.81105308012394	50.9203243815304	0	6.332609829314752	-4.456740725373187	0.35150700736266016	0	0
2026-01-02 00:40:00	33.086416800708946	48.87249068848686	0	-3.7246362794149945	-2.047833693043536	0.3425131699520928	0	0
2026-01-02 00:41:00	33.469374675287696	54.44710274245861	0	0.3829578745787501	5.574612053971748	0.3414251990708779	0	0
2026-01-02 00:42:00	32.166108565993106	54.81018488780706	0	-1.30326610929459	0.36308214534845007	0.34245381195519664	0	0
2026-01-02 00:43:00	32.85507097605913	56.172778951511475	0	0.6889624100660257	1.3625940637044138	0.3450900660305186	0	0
2026-01-02 00:44:00	34.24091854460106	54.45141469066828	0	1.3858475685419265	-1.7213642608431954	0.3416343802564988	0	0
2026-01-02 00:45:00	29.522444263482985	55.30095078582923	0	-4.718474281118073	0.8495360951609499	0.3540894697994551	0	0
2026-01-02 00:46:00	34.627855080896566	53.92847390183612	0	5.105410817413581	-1.3724768839931087	0.3491588346283957	0	0
2026-01-02 00:47:00	27.91740846074516	52.08032335216678	0	-6.710446620151405	-1.8481505496693416	0.36647036227960667	0	0
2026-01-02 00:48:00	33.0642208266722	51.397594453144045	0	5.146812365927037	-0.6827288990227345	0.3463456626701235	0	0
2026-01-02 00:49:00	54.56939967751243	50.11184948439262	0	21.50517885084023	-1.2857449687514233	0.4793571454970219	0	0
2026-01-02 00:50:00	52.2269169408937	46.23272489745161	0	-2.3424827366187273	-3.8791245869410105	0.40554208725312807	0	0
2026-01-02 00:51:00	54.05031859032706	47.282241139828265	1	1.8234016494333574	1.0495162423766544	0.407315041518151	0	1
2026-01-02 00:52:00	52.29329015153098	49.99669734397848	0	-1.7570284387960768	2.714456204150217	0.3922060649561143	0	0
2026-01-02 00:53:00	50.98829999472791	271.07288646404754	1	-1.304990156803072	221.07618912006905	0.6865051487570093	1	1
2026-01-02 00:54:00	31.273609413718113	56.93047721129658	0	-19.714690581009798	-214.14240925275095	0.6260899712351397	1	0
2026-01-02 00:55:00	29.064893017146744	51.021240550128816	0	-2.2087163965713685	-5.9092366611677605	0.34517838332007594	0	0
2026-01-02 00:56:00	33.38761134827643	55.223514641509	0	4.3227183311296855	4.202274091380183	0.3481928915223308	0	0
2026-01-02 00:57:00	29.01127644783283	55.54802909087344	0	-4.376334900443599	0.3245144493644432	0.3544727860415551	0	0
2026-01-02 00:58:00	34.63973110951757	50.32611282951704	0	5.628454661684739	-5.221916261356405	0.35128098665630253	0	0
2026-01-02 00:59:00	29.00158227826881	53.65177058650837	0	-5.63814883124876	3.3256577569913333	0.3620526425898574	0	0
2026-01-02 01:00:00	30.889305704282187	50.319983058613154	0	1.8877234260133768	-3.331787527895216	0.33934605437980414	0	0
2026-01-02 01:01:00	30.75650191993421	56.60369964860378	0	-0.13280378434797768	6.283716589990625	0.3541559173417474	0	0
2026-01-02 01:02:00	36.64782394740707	53.87956523345501	0	5.89132202747286	-2.724134415148768	0.35324470558428095	0	0
2026-01-02 01:03:00	33.70527433550051	46.59526723057195	0	-2.942549611906557	-7.284298002883062	0.3537749149571784	0	0
2026-01-02 01:04:00	32.12117215053681	52.02428538770039	0	-1.5841021849637045	5.429018157128439	0.3408423267970224	0	0
2026-01-02 01:05:00	34.29444846351908	57.99159371745048	0	2.1732763129822743	5.9673083297500895	0.3541049338606624	0	0
2026-01-02 01:06:00	26.518576405050155	50.695152585332806	0	-7.775872058468927	-7.296441132117671	0.3803390248632498	0	0
2026-01-02 01:07:00	64.57046119292622	53.23184146105072	0	38.05188478787606	2.536688875717914	0.5456525207126259	0	0
2026-01-02 01:08:00	70.73415886114971	53.64537387457027	0	6.163697668223492	0.4135324135195475	0.45657839067749484	0	0
2026-01-02 01:09:00	65.18035454947177	47.33621627821945	1	-5.553804311677936	-6.309157596350815	0.4636096617242851	0	1
2026-01-02 01:10:00	65.02869678305879	53.54636079437542	0	-0.15165776641298123	6.210144516155964	0.4377511273240541	0	0
2026-01-02 01:11:00	66.51092740971475	45.948980887001554	0	1.4822306266559622	-7.597379907373863	0.466110462216269	0	0
2026-01-02 01:12:00	35.77698567369251	49.04258854626915	0	-30.733941736022246	3.0936076592675974	0.4815461334915677	0	0
2026-01-02 01:13:00	27.13923798616791	55.86871090239551	0	-8.637747687524598	6.826122356126362	0.39292451207996243	0	0
2026-01-02 01:14:00	28.12606711867784	53.01354844325889	0	0.9868291325099321	-2.855162459136622	0.3490895326136476	0	0
2026-01-02 01:15:00	33.84526852629005	50.3892860955297	0	5.719201407612207	-2.624262347729193	0.3487080907496322	0	0
2026-01-02 01:16:00	31.111051858879037	53.41368485726653	0	-2.7342166674110118	3.0243987617368333	0.3433100033306128	0	0
2026-01-02 01:17:00	37.232982239287615	51.408084235293416	0	6.121930380408578	-2.005600621973116	0.35012238739405	0	0
2026-01-02 01:18:00	32.39254542268203	51.71934830557618	0	-4.840436816605582	0.3112640702827676	0.34389647943581053	0	0
2026-01-02 01:19:00	27.57557497289391	54.31685769689718	0	-4.816970449788123	2.5975093913209975	0.35590281888969916	0	0
2026-01-02 01:20:00	29.616159682724696	48.80062975399182	0	2.040584709830785	-5.51622794290536	0.34470088998070963	0	0
2026-01-02 01:21:00	25.212142511883194	51.89193090760622	0	-4.404017170841502	3.0913011536144026	0.3543755137769362	0	0
2026-01-02 01:22:00	32.79969720074594	50.50196412787073	0	7.587554688862745	-1.389966779735495	0.3623813533649084	0	0
2026-01-02 01:23:00	32.97775799818401	45.42904169158756	0	0.17806079743807146	-5.0729224362831715	0.35082804129642936	0	0
2026-01-02 01:24:00	32.31029136610731	48.1100167227293	0	-0.6674666320767031	2.6809750311417417	0.3421937991101517	0	0
2026-01-02 01:25:00	36.861017499926234	58.08501597967384	0	4.550726133818927	9.974999256944542	0.3787831496727229	0	0
2026-01-02 01:26:00	37.26057177679306	53.37139939196242	0	0.399554276866823	-4.713616587711421	0.340682398653022	0	0
2026-01-02 01:27:00	33.194409105030026	46.55843398194362	0	-4.066162671763031	-6.812965410018798	0.35515521192143534	0	0
2026-01-02 01:28:00	27.34198493172855	45.71161546368592	0	-5.8524241733014755	-0.8468185182576988	0.3706438892667689	0	0
2026-01-02 01:29:00	35.638330915001106	51.44458748631983	0	8.296345983272555	5.732972022633909	0.36692029913769647	0	0
2026-01-02 01:30:00	35.49291500917662	58.15816329453137	0	-0.1454159058244855	6.713575808211537	0.35406332202261415	0	0
2026-01-02 01:31:00	34.79528432683904	51.1865222689667	0	-0.6976306823375822	-6.971641025564672	0.3461677702153466	0	0
2026-01-02 01:32:00	36.85175053281708	57.181653856062425	0	2.0564662059780403	5.995131587095727	0.3489856972750002	0	0
2026-01-02 01:33:00	30.452954274459547	53.381442365195966	0	-6.398796258357532	-3.8002114908664595	0.3649516641132217	0	0
2026-01-02 01:34:00	40.01375684780787	53.87874717600981	0	9.560802573348322	0.49730481081384426	0.37231903362300683	0	0
2026-01-02 01:35:00	31.14918363916177	46.67085141207541	0	-8.8645732086461	-7.207895763934403	0.38698535387437183	0	0
2026-01-02 01:36:00	36.31503521236056	55.78377490237803	0	5.165851573198793	9.11292349030262	0.3642847033517674	0	0
2026-01-02 01:37:00	29.04514544289471	50.71386611397296	0	-7.269889769465852	-5.0699087884050655	0.368880626743495	0	0
2026-01-02 01:38:00	31.356138364752233	55.52583602772483	0	2.3109929218575225	4.811969913751867	0.3459378090102932	0	0
2026-01-02 01:39:00	38.73570331555028	48.83661875974269	0	7.3795649507980485	-6.689217267982137	0.37061514852383587	0	0
2026-01-02 01:40:00	33.44348314840445	52.821288698743146	0	-5.292220167145835	3.9846699390004545	0.34941910698312256	0	0
2026-01-02 01:41:00	61.12200443233063	53.54085551525782	0	27.67852128392618	0.7195668165146714	0.5028059963028506	0	0
2026-01-02 01:42:00	59.352526352158335	51.53642221773801	0	-1.7694780801722914	-2.0044332975198103	0.4089386464997525	0	0
2026-01-02 01:43:00	58.366127323961294	53.790407059366714	1	-0.9863990281970416	2.253984841628707	0.4070882038282707	0	1
2026-01-02 01:44:00	62.811811660606494	51.12626743317535	0	4.445684336645201	-2.664139626191364	0.42221018425192314	0	0
2026-01-02 01:45:00	58.04945964615196	49.615204438929894	0	-4.762352014454535	-1.5110629942454565	0.4188181203627628	0	0
2026-01-02 01:46:00	29.119763808407676	58.6529225967249	0	-28.929695837744283	9.037718157795005	0.5166349653896491	0	0
2026-01-02 01:47:00	32.091264134519236	56.44630367063294	0	2.97150032611156	-2.2066189260919558	0.3503976423031003	0	0
2026-01-02 01:48:00	36.193480183500554	49.22649351850502	0	4.102216048981319	-7.21981015212792	0.35357925772646337	0	0
2026-01-02 01:49:00	35.76526647025709	54.56314679796323	0	-0.4282137132434656	5.336653279458204	0.34037116666710915	0	0
2026-01-02 01:50:00	29.91631138164402	49.33802764737056	0	-5.848955088613067	-5.225119150592668	0.35825609431351707	0	0
2026-01-02 01:51:00	32.48311764502652	47.58933402697626	0	2.566806263382496	-1.7486936203942989	0.3451634541639783	0	0
2026-01-02 01:52:00	32.94955158025216	56.48259557952535	0	0.4664339352256448	8.893261552549092	0.35477929312910494	0	0
2026-01-02 01:53:00	33.636787889505754	45.550199833334595	0	0.687236309253592	-10.932395746190757	0.37048640302338426	0	0
2026-01-02 01:54:00	30.643846836791425	56.0932174556042	0	-2.992941052714329	10.543017622269602	0.36717049375495797	0	0
2026-01-02 01:55:00	32.924774364835436	51.3940545943047	0	2.2809275280440104	-4.699162861299499	0.3414766417958169	0	0
2026-01-02 01:56:00	32.66226474668479	51.57786168890957	0	-0.262509618150645	0.1838070946048731	0.3374863078639539	0	0
2026-01-02 01:57:00	37.2008121942553	54.08211108597793	0	4.538547447570508	2.5042493970683566	0.346160364356332	0	0
2026-01-02 01:58:00	37.3515995340054	54.78691304849434	0	0.15078733975010294	0.704801962516413	0.33720833696012187	0	0
2026-01-02 01:59:00	34.52473366248564	49.17570981106041	0	-2.8268658715197645	-5.611203237433934	0.34417015345574664	0	0
2026-01-02 02:00:00	33.823880612387796	55.370902435000254	0	-0.7008530500978409	6.195192623939846	0.3442589351646455	0	0
2026-01-02 02:01:00	35.4575127065726	289.76127675444354	1	1.6336320941848044	234.39037431944328	0.6852305670459268	1	1
2026-01-02 02:02:00	32.62565830724032	47.51347264333137	0	-2.831854399332279	-242.24780411111217	0.5663510331064369	0	0
2026-01-02 02:03:00	31.672434614268187	51.8769674960663	0	-0.9532236929721343	4.363494852734931	0.3398131450791313	0	0
2026-01-02 02:04:00	32.32971712232339	58.10030643678597	0	0.6572825080552	6.223338940719671	0.35638769876145104	0	0
2026-01-02 02:05:00	33.283293089690844	59.30024548378539	0	0.9535759673674562	1.1999390469994182	0.36304571162482446	0	0
2026-01-02 02:06:00	31.73456424778267	55.48188665401445	0	-1.5487288419081722	-3.8183588297709363	0.34465253579426575	0	0
2026-01-02 02:07:00	35.74831791370732	47.869695665585866	0	4.013753665924646	-7.612190988428587	0.3559845447695226	0	0
2026-01-02 02:08:00	37.48833966368317	54.61202393098957	0	1.7400217499758526	6.742328265403707	0.34505709307333265	0	0
2026-01-02 02:09:00	30.574850256761387	56.07151619501482	0	-6.913489406921784	1.4594922640252506	0.37123505307651133	0	0
2026-01-02 02:10:00	35.44838221711634	55.58932997500901	0	4.873531960354953	-0.4821862200058149	0.34828678058896567	0	0
2026-01-02 02:11:00	34.74993732788093	55.844689511591646	0	-0.6984448892354109	0.2553595365826382	0.34044203680689045	0	0
2026-01-02 02:12:00	36.47091640676068	235.29153060577988	1	1.7209790788797505	179.44684109418824	0.6503684008278353	1	1
2026-01-02 02:13:00	35.44411599088838	52.45181679227739	0	-1.0268004158723016	-182.8397138135025	0.5314416530533652	0	0
2026-01-02 02:14:00	31.15857201332569	50.32621494294422	0	-4.285543977562689	-2.1256018493331723	0.3430834011451577	0	0
2026-01-02 02:15:00	31.768534433624524	45.18610909109202	0	0.6099624202988352	-5.140105851852198	0.35246309822316535	0	0
2026-01-02 02:16:00	35.68019976146238	54.154531584207135	0	3.9116653278378593	8.968422493115114	0.3573522752054545	0	0
2026-01-02 02:17:00	38.71439203618721	53.5582360130841	0	3.0341922747248304	-0.5962955711230364	0.34030842882382006	0	0
2026-01-02 02:18:00	29.021500256119324	55.06233455592343	0	-9.692891780067889	1.5040985428393299	0.3890698186380885	0	0
2026-01-02 02:19:00	36.73714736536777	47.49980903980994	0	7.715647109248444	-7.562525516113489	0.3776084911041619	0	0
2026-01-02 02:20:00	39.30463037937339	55.44794893901547	0	2.5674830140056244	7.948139899205529	0.3509828574792414	0	0
2026-01-02 02:21:00	35.312374271753704	61.10390632866928	0	-3.9922561076196885	5.655957389653814	0.38666784603832577	0	0
2026-01-02 02:22:00	37.45763704518872	53.21731530166634	0	2.1452627734350145	-7.886591027002943	0.348490055504253	0	0
2026-01-02 02:23:00	33.733289413680936	52.674587051361016	0	-3.724347631507783	-0.5427282503053235	0.34019945133976476	0	0
2026-01-02 02:24:00	86.87075965605794	54.174935685805174	1	53.137470242377006	1.5003486344441583	0.6482264963264847	1	1
2026-01-02 02:25:00	31.050355928711365	234.3738728462703	1	-55.82040372734657	180.19893716046514	0.7426767470462428	1	1
2026-01-02 02:26:00	28.91519794225679	48.87952288695714	0	-2.135157986454576	-185.49434995931315	0.5352174351103037	0	0
2026-01-02 02:27:00	72.26064709159391	53.804450736428905	0	43.34544914933712	4.924927849471764	0.5894635989519237	0	0
2026-01-02 02:28:00	66.51226913055866	49.810445426569665	0	-5.748377961035246	-3.99400530985924	0.4569234314685294	0	0
2026-01-02 02:29:00	68.13546002763016	50.83845105683449	1	1.6231908970714954	1.028005630264822	0.43955461817506486	0	1
2026-01-02 02:30:00	65.37739121248813	52.845445913515846	0	-2.7580688151420247	2.0069948566813594	0.4260268180416206	0	0
2026-01-02 02:31:00	65.34136737330437	58.45037936662648	0	-0.036023839183769724	5.6049334531106325	0.4517662327654982	0	0
2026-01-02 02:32:00	35.635101652972736	60.282269779383235	0	-29.70626572033163	1.8318904127567563	0.5026425747311867	0	0
2026-01-02 02:33:00	34.002207910691396	54.88803832505599	0	-1.6328937422813397	-5.394231454327247	0.3461620314787593	0	0
2026-01-02 02:34:00	37.35905936036029	51.606194291094155	0	3.356851449668895	-3.281844033961832	0.3415174815735244	0	0
2026-01-02 02:35:00	37.61684997877937	63.10057282747437	0	0.25779061841907946	11.494378536380218	0.41425923779051776	0	0
2026-01-02 02:36:00	37.255752849472195	51.4363840299311	0	-0.36109712930717563	-11.664188797543275	0.3593460431173746	0	0
2026-01-02 02:37:00	37.04285565841049	50.878982985373625	0	-0.2128971910617068	-0.5574010445574729	0.33614394213588544	0	0
2026-01-02 02:38:00	41.09408681757329	46.080618923073914	0	4.051231159162803	-4.7983640622997115	0.36955357433480485	0	0
2026-01-02 02:39:00	33.19160871267118	58.781561286881896	0	-7.902478104902109	12.700942363807982	0.415970248133503	0	0
2026-01-02 02:40:00	36.26307149825664	57.086920417917874	0	3.07146278558546	-1.6946408689640222	0.35003069219017785	0	0
2026-01-02 02:41:00	39.85930925798841	62.9018420426806	0	3.596237759731764	5.814921624762725	0.4043495006891689	0	0
2026-01-02 02:42:00	92.08595485713498	47.68914683277841	1	52.22664559914657	-15.212695209902186	0.6887386774936236	1	1
2026-01-02 02:43:00	32.26230657659351	59.09648199223005	0	-59.82364828054147	11.407335159451641	0.6075745752327824	0	0
2026-01-02 02:44:00	35.62352396493746	53.56083721841704	0	3.3612173883439525	-5.5356447738130115	0.3442229033456591	0	0
2026-01-02 02:45:00	40.66782143860247	56.52112994270089	0	5.0442974736650115	2.960292724283846	0.3545046378481493	0	0
2026-01-02 02:46:00	38.15043779775457	46.7219916766608	0	-2.5173836408479033	-9.799138266040089	0.36466870788317685	0	0
2026-01-02 02:47:00	37.24460575444766	59.20173562066536	0	-0.9058320433069085	12.47974394400456	0.3856760580004757	0	0
2026-01-02 02:48:00	36.03825198328462	56.49172003712162	0	-1.2063537711630445	-2.7100155835437434	0.34564575122658714	0	0
2026-01-02 02:49:00	35.57226529722344	53.20619389802847	0	-0.46598668606117855	-3.2855261390931503	0.3395258760580775	0	0
2026-01-02 02:50:00	37.62055926542757	55.95840178872279	0	2.048293968204135	2.752207890694322	0.3408520939886249	0	0
2026-01-02 02:51:00	36.030885080375974	50.33202252349571	0	-1.5896741850515994	-5.626379265227079	0.3407098149018978	0	0
2026-01-02 02:52:00	36.69224773749165	51.09223145798569	0	0.6613626571156743	0.760208934489981	0.3369145442611098	0	0
2026-01-02 02:53:00	37.087626021608706	51.57213649713021	0	0.3953782841170579	0.4799050391445192	0.3357050812452618	0	0
2026-01-02 02:54:00	34.849331171457045	46.030861431707656	0	-2.238294850151661	-5.541275065422553	0.3535294553637452	0	0
2026-01-02 02:55:00	38.51151867946701	56.90459925572482	0	3.662187508009964	10.873737824017162	0.37403928796872543	0	0
2026-01-02 02:56:00	45.68931764983623	58.23966630902525	0	7.177798970369217	1.3350670533004347	0.39714504865967054	0	0
2026-01-02 02:57:00	31.64694468043858	50.683575700153035	0	-14.042372969397647	-7.556090608872218	0.4143665076201608	0	0
2026-01-02 02:58:00	37.98113021556844	54.89735838527853	0	6.334185535129862	4.213782685125494	0.34996084143288614	0	0
2026-01-02 02:59:00	34.75957697870297	52.45791172376289	0	-3.221553236865475	-2.439446661515639	0.34005498484928975	0	0
2026-01-02 03:00:00	38.803275544423215	54.848629754256855	0	4.043698565720248	2.3907180304939644	0.34365670782045926	0	0
2026-01-02 03:01:00	37.24152617621643	51.040617913272314	0	-1.5617493682067831	-3.808011840984541	0.3383437231690595	0	0
2026-01-02 03:02:00	39.41806881366921	50.03255162142037	0	2.1765426374527763	-1.0080662918519465	0.33945231027494016	0	0
2026-01-02 03:03:00	40.68953916377288	57.78980926121824	0	1.2714703501036695	7.757257639797871	0.36069908746380364	0	0
2026-01-02 03:04:00	37.77066135669105	53.34121666119528	0	-2.9188778070818273	-4.448592600022955	0.34398798386053525	0	0
2026-01-02 03:05:00	40.61979648584009	61.70025561371268	0	2.8491351291490403	8.359038952517395	0.3951466320910747	0	0
2026-01-02 03:06:00	30.220850028756836	53.812111714238	0	-10.398946457083255	-7.888143899474677	0.40098588126971363	0	0
2026-01-02 03:07:00	42.05506659257207	49.937542688010026	0	11.834216563815232	-3.8745690262279737	0.39367195054562054	0	0
2026-01-02 03:08:00	38.43872347186873	58.56453201383961	0	-3.616343120703341	8.626989325829584	0.37160839261133083	0	0
2026-01-02 03:09:00	40.576755161592395	56.19481320376251	0	2.138031689723668	-2.369718810077103	0.34707542256672436	0	0
2026-01-02 03:10:00	33.71314613357667	56.59387813883631	0	-6.863609028015723	0.3990649350738025	0.3665357749442915	0	0
2026-01-02 03:11:00	34.90987163005231	58.46349335290583	0	1.1967254964756364	1.869615214069519	0.3549716528637768	0	0
2026-01-02 03:12:00	37.869263137208264	51.10453895200379	0	2.9593915071559564	-7.358954400902036	0.3484632783632833	0	0
2026-01-02 03:13:00	37.4094600826046	53.22127363936735	0	-0.4598030546036611	2.1167346873635537	0.33660293590609086	0	0
2026-01-02 03:14:00	38.338762971919984	53.058979277993835	0	0.9293028893153803	-0.16229436137351172	0.33809617667643155	0	0
2026-01-02 03:15:00	40.77194355757967	48.59621288973241	0	2.4331805856596844	-4.4627663882614215	0.3513994252685289	0	0
2026-01-02 03:16:00	32.251434856319165	52.71918730048088	0	-8.520508701260503	4.122974410748469	0.37064244899890186	0	0
2026-01-02 03:17:00	40.49710705899242	59.13334275342754	0	8.245672202673255	6.414155452946659	0.39016923631396844	0	0
2026-01-02 03:18:00	37.62890538587409	54.75138224317555	0	-2.868201673118328	-4.381960510251993	0.34464998662390167	0	0
2026-01-02 03:19:00	37.02097911445165	48.43191703753269	0	-0.6079262714224427	-6.319465205642857	0.345080826805673	0	0
2026-01-02 03:20:00	33.24709872803511	47.606864568935144	0	-3.7738803864165362	-0.8250524685975478	0.3469853243075226	0	0
2026-01-02 03:21:00	39.197564325865194	60.50331339536039	0	5.950465597830082	12.896448826425242	0.4165222709174591	0	0
2026-01-02 03:22:00	30.473922280784084	53.49684687591808	0	-8.72364204508111	-7.006466519442306	0.3839268608067693	0	0
2026-01-02 03:23:00	39.68910847453799	51.28232239760446	0	9.215186193753905	-2.2145244783136206	0.37310258695169213	0	0
2026-01-02 03:24:00	33.29514210815073	52.78976274769684	0	-6.393966366387261	1.5074403500923808	0.3567118200894416	0	0
2026-01-02 03:25:00	37.95921856878124	47.99019139819508	0	4.664076460630511	-4.799571349501761	0.35474235293136674	0	0
2026-01-02 03:26:00	37.468575056540374	59.60542138230854	0	-0.4906435122408652	11.615229984113462	0.3837924528954742	0	0
2026-01-02 03:27:00	41.3617837506891	52.35437290405961	0	3.8932086941487256	-7.251048478248933	0.35645005958277814	0	0
2026-01-02 03:28:00	37.34414202902554	59.4096598789873	0	-4.0176417216635585	7.055286974927689	0.37149874559419316	0	0
2026-01-02 03:29:00	35.824480054001434	54.16005472650848	0	-1.519661975024107	-5.249605152478821	0.3431982565667312	0	0
2026-01-02 03:30:00	36.41372531499874	59.68489459972994	0	0.5892452609973091	5.52483987322146	0.364480234145903	0	0
2026-01-02 03:31:00	41.778668331610206	55.00678800884545	0	5.364943016611463	-4.678106590884489	0.3616221607968013	0	0
2026-01-02 03:32:00	39.59524600801561	57.40610820171277	0	-2.1834223235945984	2.3993201928673216	0.34840938617060485	0	0
2026-01-02 03:33:00	36.85564818234111	56.88264124780865	0	-2.739597825674494	-0.5234669539041192	0.34568219148320767	0	0
2026-01-02 03:34:00	37.32922934627863	56.512448568093966	0	0.47358116393751715	-0.37019267971468395	0.3422381856279748	0	0
2026-01-02 03:35:00	33.36291477091848	55.423960930068255	0	-3.966314575360151	-1.0884876380257111	0.34502638912304745	0	0
2026-01-02 03:36:00	39.25559254630409	53.113682107412394	0	5.892677775385607	-2.31027882265586	0.3501658075971811	0	0
2026-01-02 03:37:00	32.83629269656372	61.7196086761165	0	-6.419299849740369	8.605926568704106	0.4209048243643178	0	0
2026-01-02 03:38:00	40.39654458106956	50.442829651398	0	7.5602518845058455	-11.2767790247185	0.38290017074481414	0	0
2026-01-02 03:39:00	38.55228032909058	54.100438345181026	0	-1.8442642519789842	3.6576086937830254	0.3413596604741192	0	0
2026-01-02 03:40:00	45.35237584161168	54.155303722275335	0	6.800095512521104	0.054865377094309054	0.37164800545292426	0	0
2026-01-02 03:41:00	34.916062718248725	55.717997703084905	0	-10.436313123362957	1.56269398080957	0.3831466078584144	0	0
2026-01-02 03:42:00	37.93327561309826	52.402740359532075	0	3.0172128948495356	-3.3152573435528296	0.34019911628473193	0	0
2026-01-02 03:43:00	43.66076059404107	55.39193396799429	0	5.727484980942812	2.989193608462216	0.36456300147960363	0	0
2026-01-02 03:44:00	41.86454464642466	53.46981752196334	0	-1.7962159476164103	-1.9221164460309481	0.35018393452127666	0	0
2026-01-02 03:45:00	36.22605996828575	47.82953799176113	0	-5.638484678138909	-5.640279530202214	0.3584889540014634	0	0
2026-01-02 03:46:00	39.01076050579203	54.20763825536323	0	2.784700537506275	6.3781002636021	0.3488045073034384	0	0
2026-01-02 03:47:00	38.36885962772285	49.779169447118186	0	-0.6419008780691797	-4.428468808245043	0.3424647447201879	0	0
2026-01-02 03:48:00	39.23257328163671	47.25580978993152	0	0.8637136539138623	-2.523359657186667	0.34990082296838787	0	0
2026-01-02 03:49:00	36.314348821689435	54.75268834757951	0	-2.9182244599472753	7.496878557647989	0.34838097464391254	0	0
2026-01-02 03:50:00	38.16595325002665	56.16849059714269	0	1.851604428337211	1.4158022495631855	0.34148744426150623	0	0
2026-01-02 03:51:00	33.66312109120959	56.335431276938166	0	-4.502832158817057	0.16694067979547356	0.3479838667257808	0	0
2026-01-02 03:52:00	38.8858513171685	56.5089233088609	0	5.222730225958912	0.1734920319227342	0.3516850118906736	0	0
2026-01-02 03:53:00	39.85358427022112	46.52140504121537	0	0.967732953052618	-9.987518267645534	0.36990043420179064	0	0
2026-01-02 03:54:00	37.84414340560927	48.819133110140584	0	-2.0094408646118467	2.297728068925217	0.34216769739323355	0	0
2026-01-02 03:55:00	33.70396603497511	62.16864510061942	0	-4.140177370634163	13.349511990478838	0.42009583809005197	0	0
2026-01-02 03:56:00	41.537268595575505	50.09700146320242	0	7.833302560600394	-12.071643637417004	0.3971670971076999	0	0
2026-01-02 03:57:00	39.68763922899294	56.74039618205402	0	-1.8496293665825618	6.643394718851603	0.3505197093916654	0	0
2026-01-02 03:58:00	36.43824631131232	51.56039531554424	0	-3.2493929176806233	-5.180000866509779	0.3420282806986906	0	0
2026-01-02 03:59:00	37.79655371152976	54.637868483092234	0	1.3583074002174413	3.0774731675479927	0.3395488888437258	0	0
2026-01-02 04:00:00	34.158245829498874	51.79711020982782	0	-3.6383078820308867	-2.840758273264413	0.3429153397021575	0	0
2026-01-02 04:01:00	35.605757761557705	56.58715869092429	0	1.4475119320588306	4.79004848109647	0.34355944572072955	0	0
2026-01-02 04:02:00	37.09012292032757	54.898874948966295	0	1.4843651587698687	-1.6882837419579957	0.34088885034803734	0	0
2026-01-02 04:03:00	42.41022250756843	52.56932094078705	0	5.320099587240854	-2.329554008179244	0.3550659883206434	0	0
2026-01-02 04:04:00	36.82768689873152	50.17241005697414	0	-5.582535608836906	-2.3969108838129145	0.3539818739076285	0	0
2026-01-02 04:05:00	89.99127125179821	55.45473056850758	1	53.16358435306669	5.282320511533442	0.6660621646856961	1	1
2026-01-02 04:06:00	37.17322251803492	49.543210367139466	0	-52.81804873376329	-5.911520201368113	0.5648973546689801	0	0
2026-01-02 04:07:00	39.55275006460948	346.463684433563	1	2.3795275465745576	296.92047406642354	0.7181452477031834	1	1
2026-01-02 04:08:00	38.405289422157864	64.92067760044223	0	-1.1474606424516125	-281.5430068331208	0.6212230200889158	0	0
2026-01-02 04:09:00	41.46904617490864	59.82561839236325	0	3.063756752750777	-5.095059208078979	0.38167031227374226	0	0
2026-01-02 04:10:00	37.26567431712654	57.30844571346776	0	-4.203371857782102	-2.5171726788954913	0.35624780657495086	0	0
2026-01-02 04:11:00	34.172586664850044	54.102656516464094	0	-3.0930876522764947	-3.205789197003668	0.3425731995464144	0	0
2026-01-02 04:12:00	34.76421814779278	46.70002211292773	0	0.5916314829427378	-7.402634403536361	0.3555343606359808	0	0
2026-01-02 04:13:00	37.334156952283095	49.17574913345495	0	2.569938804490313	2.4757270205272164	0.341103031539433	0	0
2026-01-02 04:14:00	35.202163703986095	59.60584323242098	0	-2.1319932482970003	10.43009409896603	0.38084254603078316	0	0
2026-01-02 04:15:00	40.19936346236553	51.32533938716432	0	4.997199758379438	-8.28050384525666	0.3578140397796102	0	0
2026-01-02 04:16:00	37.59063596841743	51.69696183883965	0	-2.608727493948102	0.3716224516753286	0.33647107781621827	0	0
2026-01-02 04:17:00	46.13080204330518	53.840889293876856	0	8.54016607488775	2.1439274550372076	0.3866087580068608	0	0
2026-01-02 04:18:00	33.81270905808721	50.26474138636308	0	-12.318092985217973	-3.5761479075137785	0.396080586392244	0	0
2026-01-02 04:19:00	39.65545099067308	49.6152007890653	0	5.842741932585874	-0.6495405972977792	0.35001538191643583	0	0
2026-01-02 04:20:00	35.679218799849494	54.32964264405757	0	-3.9762321908235876	4.714441854992273	0.34477701619566753	0	0
2026-01-02 04:21:00	37.60122771710278	361.3845955639832	1	1.9220089172532866	307.05495291992565	0.7298770114966641	1	1
2026-01-02 04:22:00	39.523871128787064	51.585732035267135	0	1.9226434116842839	-309.7988635287161	0.612683798873359	0	0
2026-01-02 04:23:00	32.14150631114802	51.43404611329742	0	-7.3823648176390435	-0.1516859219697153	0.3622086449624846	0	0
2026-01-02 04:24:00	39.84593292679009	56.65716814355088	0	7.70442661564207	5.223122030253457	0.3702886076314894	0	0
2026-01-02 04:25:00	44.86183717801698	53.64805463361581	0	5.015904251226885	-3.0091135099350694	0.3657620661980757	0	0
2026-01-02 04:26:00	37.81028584874546	53.87101250035021	0	-7.051551329271518	0.22295786673440432	0.36185624994573257	0	0
2026-01-02 04:27:00	39.96733567190551	56.98173963998003	0	2.157049823160051	3.110727139629816	0.3483192716658305	0	0
2026-01-02 04:28:00	42.27981361390061	54.03436583433045	0	2.3124779419950983	-2.947373805649576	0.35204124731987957	0	0
2026-01-02 04:29:00	38.73014921662353	53.49798978452357	0	-3.549664397277077	-0.5363760498068828	0.34269864821460505	0	0
2026-01-02 04:30:00	37.49591475951842	56.50119908483712	0	-1.23423445710511	3.00320930031355	0.3429188313502253	0	0
2026-01-02 04:31:00	32.428195829010406	57.30049389431835	0	-5.067718930508015	0.799294809481232	0.36215976911207426	0	0
2026-01-02 04:32:00	41.194810703852795	54.04762527479952	0	8.76661487484239	-3.2528686195188286	0.3723528288025154	0	0
2026-01-02 04:33:00	38.94859029953255	54.966478866841705	0	-2.2462204043202476	0.9188535920421828	0.33936113618968305	0	0
2026-01-02 04:34:00	36.26612412565576	51.52492692097681	0	-2.68246617387679	-3.4415519458648944	0.33874994511528367	0	0
2026-01-02 04:35:00	39.69986882366106	51.21730717375589	0	3.433744698005306	-0.3076197472209188	0.34070760947000034	0	0
2026-01-02 04:36:00	37.584763194553474	57.74449214035324	0	-2.115105629107589	6.527184966597346	0.35282477220980313	0	0
2026-01-02 04:37:00	37.766073703513534	56.45544429860854	0	0.18131050896005974	-1.289047841744697	0.3425963000673624	0	0
2026-01-02 04:38:00	41.185595360810105	56.5045546999083	0	3.4195216572965705	0.049110401299756745	0.3504124079047822	0	0
2026-01-02 04:39:00	35.36676612525331	55.81437407451451	0	-5.818829235556798	-0.6901806253937863	0.35634594527516406	0	0
2026-01-02 04:40:00	42.53887206608036	54.883276207189354	0	7.172105940827052	-0.9310978673251569	0.36724299634856955	0	0
2026-01-02 04:41:00	35.21870166320849	57.49152763957293	0	-7.320170402871867	2.6082514323835753	0.37345393024215406	0	0
2026-01-02 04:42:00	37.43831068585599	58.453642499552025	0	2.2196090226474965	0.9621148599790956	0.3529282838026458	0	0
2026-01-02 04:43:00	45.20972878612757	58.36535712272651	0	7.771418100271582	-0.0882853768255174	0.39897650689725955	0	0
2026-01-02 04:44:00	42.83725004092044	54.32448121421264	0	-2.3724787452071325	-4.040875908513868	0.35775445396706024	0	0
2026-01-02 04:45:00	80.93813442890732	60.28262156711088	1	38.10088438798688	5.958140352898241	0.6437422673924158	1	1
2026-01-02 04:46:00	36.66164590555834	55.65546100296028	0	-44.27648852334898	-4.6271605641506	0.5379220135596858	0	0
2026-01-02 04:47:00	37.90917434191909	57.27800040127258	0	1.2475284363607528	1.6225393983122984	0.3455792485365763	0	0
2026-01-02 04:48:00	39.73039110670862	55.88363414481529	0	1.8212167647895328	-1.394366256457289	0.3444071514679331	0	0
2026-01-02 04:49:00	39.63652769345158	55.750005828153085	0	-0.09386341325703995	-0.13362831666220387	0.34111838590857463	0	0
2026-01-02 04:50:00	81.38084727229804	51.82557679273986	1	41.74431957884646	-3.924429035413226	0.6172716219757531	0	1
2026-01-02 04:51:00	39.457701902319315	57.580503075665234	0	-41.92314536997873	5.754926282925375	0.5414109148540028	0	0
2026-01-02 04:52:00	38.91992223051501	66.16270135944573	0	-0.5377796718043015	8.5821982837805	0.42306133788125055	0	0
2026-01-02 04:53:00	35.2497774011281	53.28867650486374	0	-3.6701448293869134	-12.874024854581997	0.3722312961135291	0	0
2026-01-02 04:54:00	38.03866512219943	55.07807753604076	0	2.788887721071333	1.7894010311770217	0.3397792768729657	0	0
2026-01-02 04:55:00	42.34437070581983	53.01542821454059	0	4.305705583620394	-2.0626493215001673	0.3557228712938877	0	0
2026-01-02 04:56:00	91.90238487237704	52.85422887344386	1	49.558014166557214	-0.16119934109673295	0.6582181234905661	1	1
2026-01-02 04:57:00	39.05588582991864	60.99007409474292	0	-52.846499042458404	8.135845221299064	0.5918441430539397	0	0
2026-01-02 04:58:00	37.1770427457737	52.12626819513326	0	-1.8788430841449397	-8.863805899609666	0.3502952494032502	0	0
2026-01-02 04:59:00	39.98192452648246	52.927614725678616	0	2.8048817807087616	0.8013465305453593	0.34052454436433516	0	0
2026-01-02 05:00:00	38.49335871969023	48.47965783652014	0	-1.4885658067922307	-4.447956889158476	0.34629185440266846	0	0
2026-01-02 05:01:00	44.102640384063434	51.80478279640073	0	5.609281664373206	3.32512495988059	0.3630001330735972	0	0
2026-01-02 05:02:00	62.08495595638888	48.00713863007715	0	17.982315572325447	-3.797644166323579	0.48442156531439984	0	0
2026-01-02 05:03:00	56.640629689772965	57.37337334538149	0	-5.444326266615917	9.366234715304337	0.4520697826059016	0	0
2026-01-02 05:04:00	62.60037138763812	66.05026751872921	1	5.959741697865155	8.676894173347726	0.5199023566492511	0	1
2026-01-02 05:05:00	58.27319521938347	53.38999517446422	0	-4.327176168254653	-12.660272344264996	0.45623861404534516	0	0
2026-01-02 05:06:00	58.876440179881214	48.194817870027435	0	0.6032449604977472	-5.195177304436783	0.4199797118662925	0	0
2026-01-02 05:07:00	40.675249644925856	58.46689495002118	0	-18.20119053495536	10.272077079993743	0.4607289269502252	0	0
2026-01-02 05:08:00	38.26845838866195	51.96415048820555	0	-2.406791256263908	-6.502744461815631	0.34499957217684485	0	0
2026-01-02 05:09:00	42.43199065405399	60.07409932475672	0	4.163532265392043	8.109948836551176	0.39211960619101327	0	0
2026-01-02 05:10:00	37.43942988665914	53.75336384443989	0	-4.992560767394849	-6.320735480316834	0.35437387459147307	0	0
2026-01-02 05:11:00	37.9154714068527	52.35889277598227	0	0.4760415201935615	-1.3944710684576194	0.3360562087047205	0	0
2026-01-02 05:12:00	37.81236332669373	54.17890778068628	0	-0.10310808015897521	1.8200150047040111	0.33727013658716953	0	0
2026-01-02 05:13:00	38.09353847978072	57.92633440616766	0	0.28117515308699126	3.7474266254813813	0.349959919262871	0	0
2026-01-02 05:14:00	43.096821712851735	53.98994100008152	0	5.003283233071016	-3.9363934060861396	0.36139692807626844	0	0
2026-01-02 05:15:00	41.69424168486321	52.91702759084133	0	-1.4025800279885274	-1.0729134092401935	0.34846924847873095	0	0
2026-01-02 05:16:00	44.94610369651285	54.11280950532283	0	3.251862011649642	1.1957819144815005	0.35775696984020544	0	0
2026-01-02 05:17:00	46.62743658895286	49.82483125062401	0	1.681332892440011	-4.287978254698821	0.36941455679300156	0	0
2026-01-02 05:18:00	36.74039797984253	56.504400946995695	0	-9.887038609110334	6.679569696371686	0.3893469465437869	0	0
2026-01-02 05:19:00	40.051664358444775	47.77329711285181	0	3.311266378602248	-8.731103834143887	0.36239757973583225	0	0
2026-01-02 05:20:00	36.31947658019178	53.14755294759898	0	-3.7321877782529924	5.374255834747174	0.344725702438911	0	0
2026-01-02 05:21:00	37.52274280733598	57.96532113061336	0	1.2032662271441978	4.81776818301438	0.3504167756337486	0	0
2026-01-02 05:22:00	37.97260848460531	56.14362113941702	0	0.44986567726932947	-1.8216999911963399	0.34290007912767595	0	0
2026-01-02 05:23:00	36.698499043187496	57.29626412474672	0	-1.2741094414178136	1.1526429853296989	0.34825579920664557	0	0
2026-01-02 05:24:00	69.14306341231892	54.678259012100455	0	32.44456436913143	-2.618005112646266	0.5495570337534013	0	0
2026-01-02 05:25:00	71.87260379417964	59.620792276280866	0	2.7295403818607156	4.942533264180412	0.4981670013915289	0	0
2026-01-02 05:26:00	68.66184520352274	58.64387610388875	1	-3.2107585906568943	-0.9769161723921158	0.4712233538427642	0	1
2026-01-02 05:27:00	74.8447365706724	56.73282095108905	0	6.182891367149651	-1.9110551527996975	0.5124351753156234	0	0
2026-01-02 05:28:00	69.57126190022596	58.66152345296203	0	-5.273474670446433	1.9287025018729764	0.49008790110668365	0	0
2026-01-02 05:29:00	48.337365884158	57.95602370454872	0	-21.233896016067966	-0.7054997484133096	0.4730374944903715	0	0
2026-01-02 05:30:00	38.56029526084492	53.19937025348149	0	-9.77707062331308	-4.75665345106723	0.38225375033079534	0	0
2026-01-02 05:31:00	40.136102422548305	49.58442910163324	0	1.5758071617033877	-3.6149411518482495	0.34328437830527503	0	0
2026-01-02 05:32:00	36.03943796301512	56.64417926157711	0	-4.096664459533187	7.059750159943867	0.3533062800071466	0	0
2026-01-02 05:33:00	45.04895984393218	57.149699208100344	0	9.009521880917063	0.5055199465232363	0.39597761831825884	0	0
2026-01-02 05:34:00	43.29422059917463	59.3297472429372	0	-1.7547392447575518	2.180048034836858	0.37459801973593637	0	0
2026-01-02 05:35:00	40.83131099443153	51.224996590930424	0	-2.4629096047430963	-8.104750652006778	0.35424487607403543	0	0
2026-01-02 05:36:00	35.90481130734403	51.346885239732714	0	-4.9264996870874995	0.12188864880229033	0.3444468302962475	0	0
2026-01-02 05:37:00	40.581685815682974	56.81444365648563	0	4.6768745083389405	5.467558416752915	0.35786891010269295	0	0
2026-01-02 05:38:00	36.589668845620025	54.69231303642355	0	-3.9920169700629486	-2.12213062006208	0.34648192681879153	0	0
2026-01-02 05:39:00	44.3451150661667	47.435978195588795	0	7.755446220546673	-7.256334840834754	0.39700862205195964	0	0
2026-01-02 05:40:00	42.38953117647697	56.481406145475496	0	-1.955583889689727	9.045427949886701	0.36953328085359344	0	0
2026-01-02 05:41:00	40.25197214044082	47.573135852532985	0	-2.1375590360361514	-8.908270292942511	0.36518760680151363	0	0
2026-01-02 05:42:00	32.66004634758931	51.20356046117214	0	-7.591925792851512	3.630424608639153	0.36568447361192497	0	0
2026-01-02 05:43:00	37.02225391501777	60.392976416937856	0	4.362207567428463	9.189415955765718	0.39214036289712934	0	0
2026-01-02 05:44:00	42.03892389739786	62.28733632252758	0	5.016669982380087	1.8943599055897238	0.41109621914964445	0	0
2026-01-02 05:45:00	43.617240307555505	50.126669142305175	0	1.5783164101576475	-12.160667180222404	0.38378293144758235	0	0
2026-01-02 05:46:00	43.30885741869507	53.67310784245856	0	-0.30838288886043586	3.546438700153388	0.354477607070554	0	0
2026-01-02 05:47:00	35.207877698849124	55.16244844510157	0	-8.100979719845945	1.4893406026430043	0.36738142267352825	0	0
2026-01-02 05:48:00	40.890952267984446	62.11805538409914	0	5.6830745691353215	6.955606938997569	0.41088164700624136	0	0
2026-01-02 05:49:00	43.035029514298294	53.02276614112715	0	2.1440772463138487	-9.095289242971987	0.366640079348807	0	0
2026-01-02 05:50:00	35.01547551907184	53.08770501577617	0	-8.019553995226453	0.06493887464902315	0.367784982730958	0	0
2026-01-02 05:51:00	94.99020002594494	61.19104741505507	1	59.9747245068731	8.103342399278894	0.7026052885284386	1	1
2026-01-02 05:52:00	40.81543546511632	53.49779752422245	0	-54.17476456082862	-7.693249890832618	0.5694379923580466	0	0
2026-01-02 05:53:00	39.09304215382692	57.88647479004939	0	-1.7223933112894017	4.388677265826942	0.35257320844476914	0	0
2026-01-02 05:54:00	34.440087683551965	49.089714764428074	0	-4.652954470274956	-8.796760025621317	0.354850792757916	0	0
2026-01-02 05:55:00	39.020525940577905	54.31387915903024	0	4.580438257025939	5.22416439460217	0.34777491257262283	0	0
2026-01-02 05:56:00	39.016560660798845	48.36085112247634	0	-0.003965279779059472	-5.953028036553903	0.34737978269177844	0	0
2026-01-02 05:57:00	39.5549260620968	50.777836514047216	0	0.538365401297952	2.4169853915708757	0.3382968317582453	0	0
2026-01-02 05:58:00	38.30920495436651	58.35661503592991	0	-1.24572110773029	7.578778521882697	0.3606187331172567	0	0
2026-01-02 05:59:00	38.670868347482944	54.80033083925682	0	0.36166339311643725	-3.55628419667309	0.3417574215225001	0	0
2026-01-02 06:00:00	39.88088115295906	53.723577037788104	0	1.2100128054761186	-1.076753801468719	0.34060557872679653	0	0
2026-01-02 06:01:00	41.32726862211648	52.00495390768	0	1.4463874691574148	-1.7186231301081065	0.343995429502167	0	0
2026-01-02 06:02:00	39.08633894207171	54.11718532235572	0	-2.240929680044765	2.112231414675726	0.33929491022622116	0	0
2026-01-02 06:03:00	38.77019649063606	56.20402430627281	0	-0.31614245143565256	2.086838983917083	0.34172232146934295	0	0
2026-01-02 06:04:00	40.27553906632729	58.930903301629	0	1.5053425756912304	2.726878995356195	0.3575116970763023	0	0
2026-01-02 06:05:00	34.23487249311354	44.49822339901233	0	-6.040666573213748	-14.43267990261667	0.4043698124303718	0	0
2026-01-02 06:06:00	41.427678631434944	51.67124192782654	0	7.1928061383214015	7.173018528814211	0.3728913418445034	0	0
2026-01-02 06:07:00	39.99364661699825	55.63405292293959	0	-1.4340320144366956	3.9628109951130455	0.3427948903432037	0	0
2026-01-02 06:08:00	40.11298884998365	54.60150167124633	0	0.11934223298540303	-1.0325512516932562	0.34158269944870107	0	0
2026-01-02 06:09:00	42.874493285190624	56.60965015131052	0	2.761504435206973	2.008148480064186	0.35476913027765883	0	0
2026-01-02 06:10:00	34.13203562567383	56.0654022524155	0	-8.742457659516795	-0.5442478988950157	0.3781738977133013	0	0
2026-01-02 06:11:00	34.06698225527261	53.77477048045112	0	-0.06505337040121617	-2.290631771964385	0.3408803835246828	0	0
2026-01-02 06:12:00	40.807706883516296	52.88573488982416	0	6.740724628243683	-0.8890355906269605	0.35316320862958894	0	0
2026-01-02 06:13:00	39.962566140187946	54.00995239384474	0	-0.8451407433283507	1.124217504020585	0.3400567937706067	0	0
2026-01-02 06:14:00	40.49187881379447	59.58564339140031	0	0.5293126736065261	5.575690997555569	0.36463544656464825	0	0
2026-01-02 06:15:00	38.592208006868695	52.06126288457016	0	-1.8996708069257764	-7.524380506830148	0.34663284583823584	0	0
2026-01-02 06:16:00	41.96870152531803	54.7365933587233	0	3.3764935184493368	2.675330474153135	0.35001514019124313	0	0
2026-01-02 06:17:00	42.77041837996822	55.71961978149111	0	0.8017168546501878	0.9830264227678143	0.35269662618810566	0	0
2026-01-02 06:18:00	41.42112021918586	61.225990388163474	0	-1.3492981607823609	5.5063706066723626	0.3872793383851992	0	0
2026-01-02 06:19:00	39.18316964976386	53.78159447954356	0	-2.237950569421997	-7.444395908619917	0.3498336230657198	0	0
2026-01-02 06:20:00	33.63887881807425	58.81620011450257	0	-5.544290831689615	5.034605634959014	0.3744173428555598	0	0
2026-01-02 06:21:00	42.265757899858	59.9069422509334	0	8.626879081783756	1.0907421364308263	0.40161730462012846	0	0
2026-01-02 06:22:00	43.61914798232457	54.721963931873304	0	1.353390082466568	-5.184978319060093	0.36250703682474783	0	0
2026-01-02 06:23:00	41.88336041846105	54.131966674947506	0	-1.7357875638635178	-0.5899972569257983	0.3504951976901073	0	0
2026-01-02 06:24:00	37.30629167158021	53.656394788648505	0	-4.57706874688084	-0.4755718862990008	0.34362641453786463	0	0
2026-01-02 06:25:00	41.96194656322647	53.946989154141264	0	4.6556548916462575	0.2905943654927583	0.35412526497925406	0	0
2026-01-02 06:26:00	42.51730768065021	58.38481872069027	0	0.5553611174237432	4.437829566549006	0.3623759452315642	0	0
2026-01-02 06:27:00	44.60713331294652	55.88938219379669	0	2.0898256322963107	-2.4954365268935774	0.36204710808161794	0	0
2026-01-02 06:28:00	37.29713174372935	55.90388959488609	0	-7.310001569217171	0.01450740108939641	0.3668247154494972	0	0
2026-01-02 06:29:00	39.24068574316473	50.45913070687923	0	1.9435539994353803	-5.444758888006859	0.3424185435496172	0	0
2026-01-02 06:30:00	42.156264767168466	51.08726399736811	0	2.9155790240037334	0.6281332904888828	0.3483118974073491	0	0
2026-01-02 06:31:00	40.0808891881833	63.52811678604233	0	-2.0753755789851667	12.44085278867422	0.4285142388941714	0	0
2026-01-02 06:32:00	36.55069788126188	54.240037442553096	0	-3.5301913069214166	-9.288079343489237	0.3577951169133784	0	0
2026-01-02 06:33:00	41.140362723276816	51.84916895178491	0	4.589664842014933	-2.3908684907681845	0.3511125213183318	0	0
2026-01-02 06:34:00	41.626143535064664	60.66947597916677	0	0.4857808117878477	8.820307027381858	0.3874084357301901	0	0
2026-01-02 06:35:00	40.14750379367061	56.06904174707301	0	-1.4786397413940549	-4.600434232093761	0.3506515840906377	0	0
2026-01-02 06:36:00	40.53563818749121	57.251061370433774	0	0.3881343938206001	1.182019623360766	0.3491209214098977	0	0
2026-01-02 06:37:00	39.09384596054513	54.38279353167502	0	-1.4417922269460774	-2.8682678387587544	0.3426611686590044	0	0
2026-01-02 06:38:00	44.297692822520496	53.656735645378944	0	5.203846861975364	-0.7260578862960756	0.360729614858818	0	0
2026-01-02 06:39:00	37.15348403944275	54.24943480530123	0	-7.144208783077744	0.5926991599222831	0.36429865766568015	0	0
2026-01-02 06:40:00	38.08611524183075	49.393086083866535	0	0.932631202387995	-4.856348721434692	0.34355841620235306	0	0
2026-01-02 06:41:00	39.87336351704548	54.56849385055186	0	1.7872482752147363	5.175407766685325	0.34302423434555235	0	0
2026-01-02 06:42:00	42.469411158742226	56.10040684599024	0	2.5960476416967424	1.5319129954383826	0.3521271128185967	0	0
2026-01-02 06:43:00	35.33238446697149	62.31410492400256	0	-7.1370266917707355	6.213698078012314	0.41907679786424484	0	0
2026-01-02 06:44:00	35.88538158518032	55.25213217725918	0	0.5529971182088289	-7.061972746743379	0.350210954018324	0	0
2026-01-02 06:45:00	33.69466728082815	45.567218233174934	0	-2.19071430435217	-9.684913944084244	0.3642679372244596	0	0
2026-01-02 06:46:00	39.897332721968105	54.523681791965664	0	6.202665441139956	8.95646355879073	0.36891085002606294	0	0
2026-01-02 06:47:00	36.4355372732262	65.85324389485615	0	-3.4617954487419027	11.329562102890485	0.43615655369011297	0	0
2026-01-02 06:48:00	38.62782567728431	58.35620294360919	0	2.192288404058104	-7.497040951246959	0.36689472661292477	0	0
2026-01-02 06:49:00	41.75644563430191	51.64259975707904	0	3.128619957017605	-6.71360318653015	0.356978513262199	0	0
2026-01-02 06:50:00	37.83833190885079	57.24590609332189	0	-3.9181137254511214	5.603306336242852	0.3570340932189766	0	0
2026-01-02 06:51:00	40.44726927331522	51.908657902983606	0	2.608937364464431	-5.337248190338286	0.3439047491516434	0	0
2026-01-02 06:52:00	89.07109171331786	49.45662024573875	1	48.623822440002634	-2.4520376572448583	0.6476168684021777	1	1
2026-01-02 06:53:00	41.7501355298938	53.473418839365955	0	-47.32095618342406	4.0167985936272075	0.5469474699396696	0	0
2026-01-02 06:54:00	41.14908340602079	55.227955358943824	0	-0.6010521238730036	1.7545365195778686	0.344204359969131	0	0
2026-01-02 06:55:00	37.637619609608784	47.36808833933272	0	-3.5114637964120092	-7.859867019611102	0.3589074503174463	0	0
2026-01-02 06:56:00	39.197002002558605	50.25484146922544	0	1.5593823929498214	2.8867531298927176	0.34069857750408367	0	0
2026-01-02 06:57:00	42.82353929022903	54.8874968012632	0	3.6265372876704234	4.632655332037757	0.35472136190507636	0	0
2026-01-02 06:58:00	40.86160701454337	242.3205162907368	1	-1.9619322756856619	187.43301948947362	0.6566349065477759	1	1
2026-01-02 06:59:00	35.479573215886035	56.41447477915408	0	-5.382033798657332	-185.9060415115827	0.5508431911999837	0	0
2026-01-02 07:00:00	41.62611244640484	49.970955822211096	0	6.146539230518805	-6.443518956942981	0.36602419702168265	0	0
2026-01-02 07:01:00	36.394041370979416	57.680391613357266	0	-5.232071075425424	7.70943579114617	0.36858444717585265	0	0
2026-01-02 07:02:00	43.873843741969246	50.083115877802335	0	7.47980237098983	-7.5972757355549305	0.3839572943631038	0	0
2026-01-02 07:03:00	42.69684888405955	61.38321339001875	0	-1.1769948579096976	11.300097512216418	0.4134240248876613	0	0
2026-01-02 07:04:00	40.48227338713839	47.943275342178325	0	-2.2145754969211566	-13.439938047840428	0.38232106461252247	0	0
2026-01-02 07:05:00	40.07219707416787	50.43003219039599	0	-0.41007631297052427	2.4867568482176665	0.3402635056719692	0	0
2026-01-02 07:06:00	38.96110058059967	56.46358188646828	0	-1.1110964935681977	6.033549696072292	0.34886996126117525	0	0
2026-01-02 07:07:00	41.61128546224823	61.444789810014626	0	2.6501848816485634	4.981207923546343	0.3897473749907631	0	0
2026-01-02 07:08:00	38.45071305124417	56.041695924279864	0	-3.160572411004061	-5.403093885734762	0.3505330313534555	0	0
2026-01-02 07:09:00	40.25690905649155	57.0265314030155	0	1.8061960052473793	0.9848354787356328	0.34768960775230967	0	0
2026-01-02 07:10:00	42.152972607040624	54.83873236043337	0	1.8960635505490728	-2.187799042582128	0.35142953061770765	0	0
2026-01-02 07:11:00	37.83853836585602	50.65638518175562	0	-4.314434241184607	-4.182347178677752	0.3472264182147475	0	0
2026-01-02 07:12:00	37.66198694297945	52.794729188518254	0	-0.1765514228765639	2.1383440067626367	0.33610541821929785	0	0
2026-01-02 07:13:00	35.91389481984539	49.90085675108428	0	-1.7480921231340645	-2.893872437433977	0.33934844405499087	0	0
2026-01-02 07:14:00	36.28981831368347	49.62677840492351	0	0.37592349383808	-0.27407834616076343	0.3373579756076896	0	0
2026-01-02 07:15:00	33.984115360626554	56.341646324754514	0	-2.3057029530569153	6.714867919831001	0.34780705163857456	0	0
2026-01-02 07:16:00	41.64467212303976	342.7721370128135	1	7.660556762413208	286.430490688059	0.7247620528018348	1	1
2026-01-02 07:17:00	44.86763383017615	55.99866112885737	0	3.222961707136392	-286.77347588395617	0.6151756645741158	0	0
2026-01-02 07:18:00	43.7024017413327	49.5059164465765	0	-1.165232088843453	-6.492744682280872	0.36666832313366804	0	0
2026-01-02 07:19:00	34.53350668668416	55.89141215674888	0	-9.168895054648537	6.385495710172378	0.3813317225220565	0	0
2026-01-02 07:20:00	41.571490222527686	52.74373282807769	0	7.037983535843523	-3.147679328671188	0.3629467957701951	0	0
2026-01-02 07:21:00	43.64823240899551	60.31741881421499	0	2.0767421864678255	7.573685986137299	0.3882820789484446	0	0
2026-01-02 07:22:00	37.99629195026799	55.97823652855825	0	-5.651940458727523	-4.33918228565674	0.3613583048603783	0	0
2026-01-02 07:23:00	39.65569438881027	59.61880762040663	0	1.6594024385422799	3.640571091848379	0.3637523515535734	0	0
2026-01-02 07:24:00	33.31212511255801	51.64531526678523	0	-6.343569276252261	-7.9734923536213955	0.36354337542116466	0	0
2026-01-02 07:25:00	40.120287196757914	54.884612707390666	0	6.808162084199907	3.2392974406054336	0.35539759281994704	0	0
2026-01-02 07:26:00	36.113496491516095	50.72773920744501	0	-4.006790705241819	-4.156873499945654	0.34380457145734616	0	0
2026-01-02 07:27:00	39.887000582453794	52.98962679338195	0	3.773504090937699	2.2618875859369396	0.3425895694480341	0	0
2026-01-02 07:28:00	34.58822977910123	53.58750238185542	0	-5.298770803352561	0.597875588473471	0.34850462713974173	0	0
2026-01-02 07:29:00	40.883979713608454	51.72426963733928	0	6.295749934507221	-1.8632327445161394	0.35288724083682577	0	0
2026-01-02 07:30:00	42.312333351392944	49.757386227173654	0	1.4283536377844896	-1.9668834101656287	0.35141157437463283	0	0
2026-01-02 07:31:00	36.87247013155902	48.95693556374165	0	-5.439863219833924	-0.8004506634320023	0.3544393038078093	0	0
2026-01-02 07:32:00	35.79428079029311	45.243531804432614	0	-1.0781893412659116	-3.7134037593090383	0.3543815326603257	0	0
2026-01-02 07:33:00	32.71984297383905	50.368570196730666	0	-3.074437816454058	5.125038392298052	0.3430149344749585	0	0
2026-01-02 07:34:00	38.371360141625715	57.095275958612994	0	5.651517167786665	6.726705761882329	0.36444554906480653	0	0
2026-01-02 07:35:00	37.40833298834966	48.182563267544104	0	-0.9630271532760517	-8.91271269106889	0.35227151417231517	0	0
2026-01-02 07:36:00	34.48239633938184	49.095235903199786	0	-2.92593664896782	0.9126726356556816	0.34061687240424887	0	0
2026-01-02 07:37:00	40.4766767047074	61.722404502817106	0	5.994280365325558	12.62716859961732	0.43066280100369847	0	0
2026-01-02 07:38:00	37.749701563171485	52.0038221549897	0	-2.7269751415359167	-9.718582347827407	0.35312527108273695	0	0
2026-01-02 07:39:00	35.854223862315116	55.82489990578475	0	-1.8954777008563681	3.821077750795048	0.3402811838904573	0	0
2026-01-02 07:40:00	37.39936065344516	57.10080752118523	0	1.5451367911300409	1.2759076154004845	0.34591445239822216	0	0
2026-01-02 07:41:00	42.25846507133252	57.17238024639696	0	4.859104417887366	0.07157272521173041	0.3664924643600392	0	0
2026-01-02 07:42:00	40.83466367476427	48.42366949931706	0	-1.4238013965682512	-8.748710747079905	0.3625877396731925	0	0
2026-01-02 07:43:00	38.61690420873041	53.57925247701498	0	-2.2177594660338613	5.155582977697925	0.34080215489616755	0	0
2026-01-02 07:44:00	40.84525551838623	48.021061153422266	0	2.228351309655821	-5.558191323592716	0.3530152734231828	0	0
2026-01-02 07:45:00	35.485991546166666	64.26963514330474	0	-5.359263972219566	16.248573989882473	0.4485321365415389	0	0
2026-01-02 07:46:00	39.04645391820135	48.09517075194773	0	3.560462372034685	-16.174464391357013	0.3849073684503429	0	0
2026-01-02 07:47:00	39.37175642557078	50.2735338415764	0	0.3253025073694289	2.178363089628675	0.3386704485263129	0	0
2026-01-02 07:48:00	37.50055571638749	50.29262920157582	0	-1.8712007091832916	0.019095359999418804	0.3368575811124853	0	0
2026-01-02 07:49:00	40.19654642272962	48.45844380053716	0	2.69599070634213	-1.8341854010386598	0.3487256023830469	0	0
2026-01-02 07:50:00	36.52880796784886	59.84542980491729	0	-3.6677384548807552	11.386986004380127	0.3920299588617144	0	0
2026-01-02 07:51:00	40.37933849795876	64.11472979164918	0	3.8505305301099	4.269299986731895	0.4128498948580492	0	0
2026-01-02 07:52:00	40.48505224318315	52.51174148704417	0	0.10571374522438504	-11.602988304605013	0.36479180528316785	0	0
2026-01-02 07:53:00	30.057427739962655	49.12276110364929	0	-10.427624503220493	-3.3889803833948804	0.39081010583065384	0	0
2026-01-02 07:54:00	42.35908823715	45.446383568405736	0	12.301660497187342	-3.676377535243553	0.4147171062210639	0	0
2026-01-02 07:55:00	29.624369861016817	53.40719890444914	0	-12.73471837613318	7.960815336043403	0.41942781942876084	0	0
2026-01-02 07:56:00	36.89804999472558	53.10763684305121	0	7.2736801337087655	-0.2995620613979284	0.3580313877915949	0	0
2026-01-02 07:57:00	41.801004173501234	51.75729552992341	0	4.902954178775651	-1.3503413131277995	0.353381898664481	0	0
2026-01-02 07:58:00	37.75169678364167	55.23727949560441	0	-4.049307389859564	3.4799839656810008	0.347205967174157	0	0
2026-01-02 07:59:00	34.283430197482794	55.92168664370766	0	-3.468266586158876	0.6844071481032472	0.34363180795549286	0	0
2026-01-02 08:00:00	35.379042852694376	55.6224600506738	0	1.095612655211582	-0.29922659303385757	0.34141096262301945	0	0
2026-01-02 08:01:00	41.71907229100582	53.05467803814803	0	6.340029438311447	-2.567782012525768	0.35810348025947764	0	0
2026-01-02 08:02:00	32.85177801276934	49.90165848391058	0	-8.867294278236486	-3.153019554237453	0.3719030327591979	0	0
2026-01-02 08:03:00	41.98103741790058	56.96036444873413	0	9.129259405131243	7.058705964823552	0.39371632176067795	0	0
2026-01-02 08:04:00	38.40636670989426	54.33589154119668	0	-3.574670708006323	-2.624472907537452	0.3468756119076413	0	0
2026-01-02 08:05:00	34.97193271540217	57.82798945270333	0	-3.434433994492089	3.4920979115066473	0.3565140454077121	0	0
2026-01-02 08:06:00	36.777056426632846	57.423503019659385	0	1.805123711230678	-0.4044864330439424	0.3486128944336977	0	0
2026-01-02 08:07:00	35.45184922665071	48.564712848789355	0	-1.3252071999821382	-8.85879017087003	0.35193972353173775	0	0
2026-01-02 08:08:00	41.07915656413984	48.503351650951714	0	5.627307337489135	-0.06136119783764116	0.35896328233615143	0	0
2026-01-02 08:09:00	40.65456164632825	51.20647623355776	0	-0.4245949178115964	2.703124582606044	0.3417060016848671	0	0
2026-01-02 08:10:00	33.27643105650071	49.99189559590175	0	-7.378130589827535	-1.214580637656006	0.36229131462247954	0	0
2026-01-02 08:11:00	37.19961377408592	57.22620216872637	0	3.923182717585206	7.2343065728246145	0.3578711565526689	0	0
2026-01-02 08:12:00	35.797148692421416	55.59859154367879	0	-1.4024650816645021	-1.6276106250475735	0.33977764273646177	0	0
2026-01-02 08:13:00	42.24339146385571	58.578166754380035	0	6.446242771434292	2.979575210701242	0.3757744725237582	0	0
2026-01-02 08:14:00	34.28856086629243	55.75537637997952	0	-7.95483059756328	-2.822790374400512	0.3700964812387318	0	0
2026-01-02 08:15:00	43.127383437080496	54.9919463890062	0	8.838822570788068	-0.7634299909733215	0.3777237140082104	0	0
2026-01-02 08:16:00	38.19049150699961	58.944106984151894	0	-4.93689193008089	3.952160595145692	0.37215456144138287	0	0
2026-01-02 08:17:00	34.78009427213163	56.011858104576135	0	-3.410397234867979	-2.9322488795757593	0.3464315554589602	0	0
2026-01-02 08:18:00	36.209439334192325	54.39303479686095	0	1.4293450620606976	-1.6188233077151821	0.34035497905797646	0	0
2026-01-02 08:19:00	35.81161285711629	60.03004682543356	0	-0.3978264770760376	5.637012028572606	0.3680629854302465	0	0
2026-01-02 08:20:00	34.36766523684341	54.55648375405613	0	-1.4439476202728798	-5.473563071377427	0.3445424529662104	0	0
2026-01-02 08:21:00	38.45089613080792	52.86584535613671	0	4.083230893964512	-1.6906383979194217	0.34541365884535896	0	0
2026-01-02 08:22:00	34.457408531487665	50.71928455667099	0	-3.993487599320254	-2.1465607994657177	0.34270543418919014	0	0
2026-01-02 08:23:00	31.574641193435564	56.86997174600671	0	-2.8827673380521013	6.15068718933572	0.3533740838939259	0	0
2026-01-02 08:24:00	36.95114053120496	58.993287139244615	0	5.376499337769399	2.1233153932379025	0.3665851426306064	0	0
2026-01-02 08:25:00	32.65587745342118	53.82987341560369	0	-4.29526307778378	-5.163413723640922	0.34862563448907413	0	0
2026-01-02 08:26:00	35.78208600196962	59.25094679820544	0	3.1262085485484334	5.421073382601747	0.3632557524896199	0	0
2026-01-02 08:27:00	35.28522946110054	46.12620893556901	0	-0.49685654086907505	-13.12473786263643	0.3780702357055073	0	0
2026-01-02 08:28:00	35.37270688439549	53.77136405100481	0	0.08747742329494912	7.645155115435799	0.3473876928901052	0	0
2026-01-02 08:29:00	43.96290933011669	53.81963036425537	0	8.590202445721197	0.04826631325055786	0.3794636413936399	0	0
2026-01-02 08:30:00	38.10276810442107	51.05878921182679	0	-5.860141225695621	-2.7608411524285756	0.35489627580431193	0	0
2026-01-02 08:31:00	38.64300876442444	63.48889202064672	0	0.54024066000337	12.430102808819932	0.4248142358049082	0	0
2026-01-02 08:32:00	32.550912647040334	53.67528323727857	0	-6.092096117384102	-9.813608783368153	0.3723459984984784	0	0
2026-01-02 08:33:00	35.89127990789669	52.295661567985995	0	3.340367260856354	-1.3796216692925753	0.3392533883806713	0	0
2026-01-02 08:34:00	38.47198945834868	54.01688923799609	0	2.580709550451992	1.7212276700100944	0.3391808162777879	0	0
2026-01-02 08:35:00	90.18519861601834	45.88816746136109	1	51.71320915766966	-8.128721776634997	0.6740088929311407	1	1
2026-01-02 08:36:00	40.49564814512367	50.84625810590519	0	-49.68955047089467	4.9580906445441	0.5511819453908259	0	0
2026-01-02 08:37:00	34.135836683118775	57.804923098192546	0	-6.359811462004892	6.958664992287353	0.3759471337604638	0	0
2026-01-02 08:38:00	36.85714742628168	51.34234149720751	0	2.7213107431629027	-6.46258160098504	0.3451141801749598	0	0
2026-01-02 08:39:00	35.930263400807924	50.528708509166215	0	-0.926884025473754	-0.8136329880412916	0.33689155554022127	0	0
2026-01-02 08:40:00	38.15340640933554	59.0683247616525	0	2.2231430085276145	8.539616252486283	0.3664514122392745	0	0
2026-01-02 08:41:00	35.71085448225901	59.17717995271997	0	-2.4425519270765292	0.10885519106746955	0.36096004298158474	0	0
2026-01-02 08:42:00	36.791378774787496	55.86999171664472	0	1.0805242925284873	-3.3071882360752483	0.3455054903110248	0	0
2026-01-02 08:43:00	36.86725956850655	51.96735558576559	0	0.0758807937190511	-3.902636130879131	0.33874403816458665	0	0
2026-01-02 08:44:00	35.34393253005382	52.815663640648566	0	-1.5233270384527273	0.8483080548829776	0.3379597478600778	0	0
2026-01-02 08:45:00	38.97367968028111	50.54259919109505	0	3.6297471502272884	-2.273064449553516	0.3450420185922309	0	0
2026-01-02 08:46:00	38.20472233240229	49.76568612783043	0	-0.7689573478788176	-0.7769130632646224	0.339082133518096	0	0
2026-01-02 08:47:00	37.19473191485749	363.38961285122934	1	-1.009990417544799	313.62392672339894	0.7307727752071121	1	1
2026-01-02 08:48:00	36.140073254388064	51.24350650024614	0	-1.0546586604694284	-312.1461063509832	0.6114667849636174	0	0
2026-01-02 08:49:00	39.7918133664283	49.562206674695176	0	3.651740112040237	-1.6812998255509655	0.34656032138348164	0	0
2026-01-02 08:50:00	36.6652706366587	295.2569086167362	1	-3.1265427297696036	245.69470194204104	0.6865683880981649	1	1
2026-01-02 08:51:00	36.42313323087904	54.54922322619405	0	-0.24213740577965837	-240.70768539054217	0.5717067870101924	0	0
2026-01-02 08:52:00	37.62760710585607	54.5951508316696	0	1.2044738749770332	0.04592760547554775	0.3387907262740241	0	0
2026-01-02 08:53:00	42.37346974773656	60.44502588312527	0	4.7458626418804855	5.849875051455669	0.3903964911190707	0	0
2026-01-02 08:54:00	33.23267508605927	50.953518381642624	0	-9.14079466167729	-9.491507501482644	0.3841713180215692	0	0
2026-01-02 08:55:00	39.53321029976362	54.79622216879186	0	6.30053521370435	3.842703787149233	0.35129350492410705	0	0
2026-01-02 08:56:00	31.513884519672196	54.84754931879246	0	-8.019325780091421	0.05132715000060273	0.37016969375975856	0	0
2026-01-02 08:57:00	37.81483890893241	52.56615947262114	0	6.3009543892602125	-2.2813898461713222	0.34940638115026484	0	0
2026-01-02 08:58:00	41.85775297436801	56.543586600769615	0	4.042914065435603	3.977427128148477	0.35704111248992515	0	0
2026-01-02 08:59:00	38.56785932963478	56.65184362551928	0	-3.289893644733233	0.10825702474966192	0.3466824333543701	0	0
2026-01-02 09:00:00	37.58294304748485	54.8451782867229	0	-0.984916282149932	-1.8066653387963783	0.34049390161811427	0	0
2026-01-02 09:01:00	35.35879883815046	52.497514802088666	0	-2.2241442093343835	-2.347663484634232	0.33902791960914563	0	0
2026-01-02 09:02:00	37.10223424446417	52.07442588728112	0	1.7434354063137079	-0.4230889148075434	0.3361211287036487	0	0
2026-01-02 09:03:00	36.22171615220673	48.017936704020165	0	-0.8805180922574394	-4.0564891832609575	0.3434110019135211	0	0
2026-01-02 09:04:00	34.58865388079591	50.24962073782422	0	-1.6330622714108216	2.2316840338040578	0.33766764710118036	0	0
2026-01-02 09:05:00	36.04550371139808	50.96953518330459	0	1.4568498306021667	0.7199144454803701	0.33616597494089656	0	0
2026-01-02 09:06:00	37.478689238816855	48.94588582875103	0	1.4331855274187788	-2.0236493545535623	0.34189664603282227	0	0
2026-01-02 09:07:00	34.55017869767167	55.18561081838245	0	-2.9285105411451866	6.239724989631419	0.3445404950980275	0	0
2026-01-02 09:08:00	34.40113813857093	58.19650327626053	0	-0.1490405591007402	3.0108924578780787	0.35091005007135617	0	0
2026-01-02 09:09:00	32.7072771425529	49.76175399834811	0	-1.6938609960180315	-8.434749277912417	0.34668076364071365	0	0
2026-01-02 09:10:00	37.92807715442329	54.51171678105685	0	5.220800011870395	4.749962782708735	0.3474013520267737	0	0
2026-01-02 09:11:00	38.35963786024786	49.2253894790545	0	0.43156070582456607	-5.2863273020023485	0.345147020862428	0	0
2026-01-02 09:12:00	37.386287396298144	52.12596434803764	0	-0.9733504639497141	2.900574868983142	0.3369741235217593	0	0
2026-01-02 09:13:00	39.55432813819434	50.568090013293066	0	2.168040741896199	-1.5578743347445752	0.3398640929693776	0	0
2026-01-02 09:14:00	36.88980339339955	55.720682835504455	0	-2.6645247447947895	5.152592822211389	0.3424185107574607	0	0
2026-01-02 09:15:00	37.769490963097965	50.58157638013163	0	0.8796875696984117	-5.139106455372826	0.34137549653750926	0	0
2026-01-02 09:16:00	37.47210256681777	57.326936799779126	0	-0.29738839628019775	6.745360419647497	0.3497474277110497	0	0
2026-01-02 09:17:00	36.2529774663726	52.280915667664814	0	-1.2191251004451686	-5.046021132114312	0.34021190164868664	0	0
2026-01-02 09:18:00	34.902014998912904	50.6488254032716	0	-1.350962467459695	-1.632090264393213	0.33920093468103185	0	0
2026-01-02 09:19:00	43.10369764380537	48.217398848834165	0	8.201682644892465	-2.4314265544374365	0.38267481009797527	0	0
